Harbor;Latitude;Longitude;Latitude2;Longitude2
durres;N 41 19;E 019 27;41.3166666667;19.45
cabinda;S 05 33;E 012 12;-5.55;12.2
lobito;S 12 21;E 013 34;-12.35;13.5666666667
luanda;S 08 47;E 013 16;-8.78333333333;13.2666666667
malongo;S 05 24;E 012 12;-5.4;12.2
soyo;S 06 07;E 012 20;-6.11666666667;12.3333333333
falmouthant;N 17 01;W 061 46;17.0166666667;-61.7666666667
stjohns;N 17 07;W 061 51;17.1166666667;-61.85
arroyoseco;S 33 07;W 060 30;-33.1166666667;-60.5
bahiablanca;S 38 50;W 062 12;-38.8333333333;-62.2
buenosaires;S 34 37;W 058 22;-34.6166666667;-58.3666666667
campana;S 34 09;W 058 57;-34.15;-58.95
escobar;S 34 15;W 058 46;-34.25;-58.7666666667
Buitrango;S 33 27;W 060 03;-33.45;-60.05
laplata;S 34 51;W 057 53;-34.85;-57.8833333333
puertodeseado;S 47 45;W 065 54;-47.75;-65.9
ramallo;S 33 29;W 059 60;-33.4833333333;-60.0
rosario;S 33 00;W 060 36;-33.0;-60.6
sanlorenzo;S 32 42;W 060 44;-32.7;-60.7333333333
sannicolasdelosa;S 33 21;W 060 11;-33.35;-60.1833333333
villaconstitucion%20;S 33 14;W 060 18;-33.2333333333;-60.3
zarate;S 34 05;W 059 01;-34.0833333333;-59.0166666667
barcadera;N 12 29;W 069 59;12.4833333333;-69.9833333333
oranjestad;N 12 31;W 070 03;12.5166666667;-70.05
sannicolasaruba;N 12 26;W 069 55;12.4333333333;-69.9166666667
adelaide;S 34 48;E 138 30;-34.8;138.5
albanyau;S 35 02;E 117 54;-35.0333333333;117.9
barrowisland;S 20 45;E 115 29;-20.75;115.483333333
beautypoint;S 41 09;E 146 49;-41.15;146.816666667
bellbay;S 41 09;E 146 53;-41.15;146.883333333
brisbane;S 27 22;E 153 10;-27.3666666667;153.166666667
broome;S 18 00;E 122 13;-18.0;122.216666667
bunbury;S 33 19;E 115 39;-33.3166666667;115.65
burnie;S 41 03;E 145 55;-41.05;145.916666667
cairns;S 16 56;E 145 47;-16.9333333333;145.783333333
cowesaus;S 38 27;E 145 14;-38.45;145.233333333
cribpoint;S 38 22;E 145 13;-38.3666666667;145.216666667
dampier;S 20 38;E 116 44;-20.6333333333;116.733333333
darwin;S 12 31;E 130 52;-12.5166666667;130.866666667
eden;S 37 06;E 149 56;-37.1;149.933333333
esperance;S 33 52;E 121 54;-33.8666666667;121.9
exmouth;S 21 57;E 114 08;-21.95;114.133333333
fremantle;S 32 03;E 115 45;-32.05;115.75
geelong;S 38 07;E 144 28;-38.1166666667;144.466666667
geraldton;S 28 46;E 114 36;-28.7666666667;114.6
gladstone;S 23 48;E 151 14;-23.8;151.233333333
haypoint;S 21 16;E 149 18;-21.2666666667;149.3
hobart;S 42 53;E 147 20;-42.8833333333;147.333333333
karumba;S 17 29;E 140 50;-17.4833333333;140.833333333
mackayseaport;S 21 07;E 149 14;-21.1166666667;149.233333333
melbourne;S 37 50;E 144 56;-37.8333333333;144.933333333
mourilyan;S 17 36;E 146 07;-17.6;146.116666667
newcastle;S 32 54;E 151 46;-32.9;151.766666667
onslow;S 21 38;E 115 07;-21.6333333333;115.116666667
penneshaw;S 35 43;E 137 57;-35.7166666667;137.95
pinkenba;S 27 26;E 153 08;-27.4333333333;153.133333333
pointsamson;S 20 37;E 117 09;-20.6166666667;117.15
porthedland;S 20 19;E 118 35;-20.3166666667;118.583333333
portkembla;S 34 28;E 150 54;-34.4666666667;150.9
portpirie;S 33 10;E 138 01;-33.1666666667;138.016666667
rockingham;S 32 12;E 115 46;-32.2;115.766666667
sydney;S 33 55;E 151 11;-33.9166666667;151.183333333
thursday%20island;S 10 35;E 142 14;-10.5833333333;142.233333333
townsville;S 19 15;E 146 50;-19.25;146.833333333
wallaroo;S 33 56;E 137 37;-33.9333333333;137.616666667
weipa;S 12 40;E 141 52;-12.6666666667;141.866666667
whyalla;S 33 02;E 137 36;-33.0333333333;137.6
baku;N 40 22;E 049 54;40.3666666667;49.9
adelaidebahamas;N 25 00;W 077 33;25.0;-77.55
freeportbhs;N 26 32;W 078 46;26.5333333333;-78.7666666667
lucaya;N 26 31;W 078 38;26.5166666667;-78.6333333333
nassau;N 25 05;W 077 20;25.0833333333;-77.3333333333
manamah;N 26 13;E 050 36;26.2166666667;50.6
bridgetown;N 13 06;W 059 38;13.1;-59.6333333333
ANTWERPEN;N 51 18;E 004 18;51.3;4.3
brugge;N 51 15;E 003 13;51.25;3.21666666667
brussels;N 50 52;E 004 21;50.8666666667;4.35
GENT;N 51 07;E 003 45;51.1166666667;3.75
liege;N 50 38;E 005 34;50.6333333333;5.56666666667
nieuwpoort;N 51 08;E 002 45;51.1333333333;2.75
oostende;N 51 13;E 002 56;51.2166666667;2.93333333333
ZEEBRUGGE;N 51 20;E 003 12;51.3333333333;3.2
belizecity;N 17 29;W 088 12;17.4833333333;-88.2
cotonou;N 06 21;E 002 26;6.35;2.43333333333
alumar;S 02 41;W 044 22;-2.68333333333;-44.3666666667
Aratu;S 12 48;W 038 29;-12.8;-38.4833333333
baraodeteffe;S 25 27;W 048 41;-25.45;-48.6833333333
belem;S 01 21;W 048 27;-1.35;-48.45
cabedelo;S 06 58;W 034 51;-6.96666666667;-34.85
fortaleza;S 03 43;W 038 30;-3.71666666667;-38.5
gebig;S 23 03;W 044 14;-23.05;-44.2333333333
guaibaisland;S 23 00;W 044 02;-23.0;-44.0333333333
imbituba%20;S 28 14;W 048 39;-28.2333333333;-48.65
itaguai;S 22 56;W 043 50;-22.9333333333;-43.8333333333
itajai;S 26 53;W 048 42;-26.8833333333;-48.7
itapoa;S 26 11;W 048 36;-26.1833333333;-48.6
itaqui;S 02 34;W 044 22;-2.56666666667;-44.3666666667
macae;S 22 23;W 041 46;-22.3833333333;-41.7666666667
maceio;S 09 41;W 035 45;-9.68333333333;-35.75
mededeus;S 12 45;W 038 37;-12.75;-38.6166666667
natal;S 05 46;W 035 12;-5.76666666667;-35.2
navegantes;S 26 54;W 048 40;-26.9;-48.6666666667
paranagua;S 25 30;W 048 28;-25.5;-48.4666666667
pecem;S 03 32;W 038 48;-3.53333333333;-38.8
portoalegre;S 30 01;W 051 17;-30.0166666667;-51.2833333333
portocel;S 19 51;W 040 03;-19.85;-40.05
portodetubarao;S 20 18;W 040 14;-20.3;-40.2333333333
recife;S 08 03;W 034 52;-8.05;-34.8666666667
riodejaneiro;S 22 54;W 043 10;-22.9;-43.1666666667
riogrande;S 32 05;W 052 05;-32.0833333333;-52.0833333333
salvadordabahia;S 12 58;W 038 31;-12.9666666667;-38.5166666667
santana;S 00 04;W 051 08;-0.0666666666667;-51.1333333333
santos;S 23 56;W 046 20;-23.9333333333;-46.3333333333
saofranciscodosul;S 26 13;W 048 38;-26.2166666667;-48.6333333333
saosebastiao;S 23 48;W 045 25;-23.8;-45.4166666667
suape;S 08 24;W 034 58;-8.4;-34.9666666667
tramandai;S 29 60;W 050 04;-30.0;-50.0666666667
viladoconde;S 01 34;W 048 46;-1.56666666667;-48.7666666667
vitoria;S 20 19;W 040 19;-20.3166666667;-40.3166666667
burgas;N 42 28;E 027 30;42.4666666667;27.5
sozopol;N 42 25;E 027 41;42.4166666667;27.6833333333
varna;N 43 12;E 027 54;43.2;27.9
sihanoukville;N 10 41;E 103 33;10.6833333333;103.55
douala;N 04 02;E 009 41;4.03333333333;9.68333333333
limbe;N 04 01;E 009 12;4.01666666667;9.2
limbohterminal;N 04 00;E 009 08;4.0;9.13333333333
tiko;N 04 04;E 009 24;4.06666666667;9.4
argentia;N 47 18;W 053 59;47.3;-53.9833333333
Blacks%20Harbour;N 45 03;W 066 48;45.05;-66.8
canaport;N 45 12;W 065 59;45.2;-65.9833333333
comebychance;N 47 47;W 054 00;47.7833333333;-54.0
crofton;N 48 53;W 123 38;48.8833333333;-123.633333333
halifax;N 44 39;W 063 34;44.65;-63.5666666667
hamiltoncan;N 43 17;W 079 49;43.2833333333;-79.8166666667
horseshoebay;N 49 23;W 123 16;49.3833333333;-123.266666667
longpond;N 47 31;W 052 59;47.5166666667;-52.9833333333
milneinlet;N 71 53;W 080 52;71.8833333333;-80.8666666667
montreal;N 45 26;W 073 46;45.4333333333;-73.7666666667
mulgrave;N 45 36;W 061 23;45.6;-61.3833333333
nanaimo;N 49 11;W 123 56;49.1833333333;-123.933333333
newwestminster;N 49 10;W 122 59;49.1666666667;-122.983333333
northfraser;N 49 12;W 123 07;49.2;-123.116666667
northsydney;N 46 13;W 060 14;46.2166666667;-60.2333333333
pointenoireca;N 50 10;W 066 29;50.1666666667;-66.4833333333
portalberni;N 49 13;W 124 49;49.2166666667;-124.816666667
portcartier;N 50 02;W 066 47;50.0333333333;-66.7833333333
portcolborne;N 42 53;W 079 15;42.8833333333;-79.25
portedward;N 54 14;W 130 18;54.2333333333;-130.3
hawkesbury;N 45 35;W 061 21;45.5833333333;-61.35
portweller;N 43 14;W 079 13;43.2333333333;-79.2166666667
princerupert;N 54 18;W 130 20;54.3;-130.333333333
quebec;N 46 48;W 071 12;46.8;-71.2
ridleyisland;N 54 14;W 130 20;54.2333333333;-130.333333333
stjohn;N 45 16;W 066 04;45.2666666667;-66.0666666667
sarnia;N 42 59;W 082 25;42.9833333333;-82.4166666667
saultstemarie;N 46 29;W 084 21;46.4833333333;-84.35
septiles;N 50 12;W 066 23;50.2;-66.3833333333
sorel;N 46 02;W 073 08;46.0333333333;-73.1333333333
steveston;N 49 07;W 123 10;49.1166666667;-123.166666667
stjohnsca;N 47 34;W 052 42;47.5666666667;-52.7
sydneycanada;N 46 09;W 060 12;46.15;-60.2
thunderbay;N 48 24;W 089 12;48.4;-89.2
toronto;N 43 39;W 079 21;43.65;-79.35
troisrivieres;N 46 20;W 072 32;46.3333333333;-72.5333333333
vancouver;N 49 12;W 122 59;49.2;-122.983333333
victoriacanada;N 48 26;W 123 25;48.4333333333;-123.416666667
mindelo;N 16 53;W 024 60;16.8833333333;-25.0
porto%20novo;N 17 01;W 025 04;17.0166666667;-25.0666666667
antofagasta;S 23 39;W 070 24;-23.65;-70.4
arica;S 18 28;W 070 19;-18.4666666667;-70.3166666667
coquimbo;S 29 57;W 071 21;-29.95;-71.35
coronel;S 37 02;W 073 10;-37.0333333333;-73.1666666667
huasco;S 28 28;W 071 15;-28.4666666667;-71.25
lirquen;S 36 43;W 072 59;-36.7166666667;-72.9833333333
mejillones;S 23 04;W 070 24;-23.0666666667;-70.4
puertomontt;S 41 31;W 072 59;-41.5166666667;-72.9833333333
puntaarenas;S 53 09;W 070 53;-53.15;-70.8833333333
quintero;S 32 45;W 071 30;-32.75;-71.5
sanantonio;S 33 35;W 071 37;-33.5833333333;-71.6166666667
sanvicente;S 36 44;W 073 08;-36.7333333333;-73.1333333333
talcahuano;S 36 43;W 073 05;-36.7166666667;-73.0833333333
tocopilla;S 22 06;W 070 13;-22.1;-70.2166666667
valparaiso;S 33 02;W 071 37;-33.0333333333;-71.6166666667
anqing;N 30 30;E 117 04;30.5;117.066666667
aojiang;N 27 35;E 120 34;27.5833333333;120.566666667
basuo;N 19 05;E 108 37;19.0833333333;108.616666667
bayuquan;N 40 22;E 122 10;40.3666666667;122.166666667
beigouzhen;N 37 47;E 120 38;37.7833333333;120.633333333
beihai;N 21 27;E 109 05;21.45;109.083333333
bilixiang;N 26 27;E 119 42;26.45;119.7
bohaixiang;N 39 59;E 119 50;39.9833333333;119.833333333
cangzhou;N 38 19;E 117 53;38.3166666667;117.883333333
caobeidian;N 38 57;E 118 31;38.95;118.516666667
caofeidian;N 38 57;E 118 32;38.95;118.533333333
caojingzhen;N 30 46;E 121 27;30.7666666667;121.45
changbaiisland;N 30 10;E 122 02;30.1666666667;122.033333333
changshu;N 31 46;E 120 58;31.7666666667;120.966666667
changzhou;N 31 58;E 120 02;31.9666666667;120.033333333
chenghai;N 23 26;E 116 57;23.4333333333;116.95
chengnei;N 20 16;E 110 13;20.2666666667;110.216666667
chiwan;N 22 29;E 113 52;22.4833333333;113.866666667
chongwu;N 24 53;E 118 56;24.8833333333;118.933333333
dachanbay;N 22 32;E 113 52;22.5333333333;113.866666667
dafeng;N 33 17;E 120 49;33.2833333333;120.816666667
daishan;N 30 16;E 122 09;30.2666666667;122.15
dalian;N 38 58;E 121 45;38.9666666667;121.75
damendao;N 28 00;E 121 04;28.0;121.066666667
dandong;N 39 51;E 124 09;39.85;124.15
dasha;N 30 08;E 122 04;30.1333333333;122.066666667
dayangshenisland;N 30 35;E 122 04;30.5833333333;122.066666667
dongguan;N 23 01;E 113 42;23.0166666667;113.7
donghaizhen;N 24 53;E 118 41;24.8833333333;118.683333333
dongshandao;N 23 45;E 117 31;23.75;117.516666667
dongshi;N 24 40;E 118 27;24.6666666667;118.45
dongtou;N 27 50;E 121 08;27.8333333333;121.133333333
dongying;N 37 16;E 119 01;37.2666666667;119.016666667
doumen;N 22 13;E 113 18;22.2166666667;113.3
etouwan;N 21 51;E 112 55;21.85;112.916666667
fangchenggang;N 21 36;E 108 22;21.6;108.366666667
fengcheng;N 36 41;E 121 14;36.6833333333;121.233333333
fengqiancun;N 25 10;E 118 59;25.1666666667;118.983333333
foshan;N 22 59;E 113 05;22.9833333333;113.083333333
fujianguanhai;N 26 09;E 119 36;26.15;119.6
fuqingsongxia;N 25 41;E 119 35;25.6833333333;119.583333333
fuzhou;N 26 03;E 119 20;26.05;119.333333333
gaoming;N 22 53;E 112 53;22.8833333333;112.883333333
gaoqiaozhen;N 40 49;E 121 03;40.8166666667;121.05
guandongterminal;N 22 35;E 114 26;22.5833333333;114.433333333
guangzhou;N 22 57;E 113 29;22.95;113.483333333
gulangyu;N 24 25;E 118 03;24.4166666667;118.05
haian;N 20 16;E 110 13;20.2666666667;110.216666667
haianrailferry;N 20 14;E 110 07;20.2333333333;110.116666667
haikou;N 20 04;E 110 16;20.0666666667;110.266666667
haimen;N 31 47;E 121 06;31.7833333333;121.1
hanjiang;N 24 49;E 118 43;24.8166666667;118.716666667
heshan;N 24 32;E 118 11;24.5333333333;118.183333333
hongkong;N 22 21;E 114 08;22.35;114.133333333
hongxong;N 31 37;E 121 24;31.6166666667;121.4
houlingcun;N 39 59;E 119 50;39.9833333333;119.833333333
houshi;N 24 19;E 118 08;24.3166666667;118.133333333
hrddchongmingislang;N 31 36;E 121 27;31.6;121.45
huadu;N 23 22;E 113 20;23.3666666667;113.333333333
huanghaiyard;N 36 56;E 122 28;36.9333333333;122.466666667
huanghua;N 38 19;E 117 53;38.3166666667;117.883333333
huangpu;N 23 06;E 113 26;23.1;113.433333333
huizhou;N 22 43;E 114 35;22.7166666667;114.583333333
hukou;N 23 11;E 116 39;23.1833333333;116.65
huludao;N 40 43;E 120 59;40.7166666667;120.983333333
jiahongkonglogistics;N 30 39;E 121 11;30.65;121.183333333
jiangmen;N 22 38;E 113 07;22.6333333333;113.116666667
Jiangyin;N 31 57;E 120 15;31.95;120.25
jiaojiang;N 28 41;E 121 24;28.6833333333;121.4
jiaxingpowerplant;N 30 38;E 121 09;30.6333333333;121.15
jieyang;N 23 30;E 116 24;23.5;116.4
jinhu;N 24 25;E 118 26;24.4166666667;118.433333333
jinshanweizhen;N 30 42;E 121 19;30.7;121.316666667
jitou;N 26 28;E 119 37;26.4666666667;119.616666667
lanshan;N 35 04;E 119 25;35.0666666667;119.416666667
lianyungang;N 34 45;E 119 25;34.75;119.416666667
ligangyard;N 30 04;E 121 50;30.0666666667;121.833333333
longhai;N 24 26;E 117 50;24.4333333333;117.833333333
longkou;N 37 39;E 120 17;37.65;120.283333333
longshanshipyard;N 29 47;E 122 06;29.7833333333;122.1
longxueshipyard;N 22 41;E 113 39;22.6833333333;113.65
longyan;N 37 25;E 122 38;37.4166666667;122.633333333
luchaogangferry;N 30 50;E 121 49;30.8333333333;121.816666667
luozhou;N 26 02;E 119 29;26.0333333333;119.483333333
lvhuashan;N 30 49;E 122 38;30.8166666667;122.633333333
macau;N 22 10;E 113 33;22.1666666667;113.55
majishan;N 30 40;E 122 25;30.6666666667;122.416666667
maoming;N 21 31;E 111 03;21.5166666667;111.05
meizhou;N 25 04;E 119 07;25.0666666667;119.116666667
nanbu;N 31 34;E 121 30;31.5666666667;121.5
nanjing;N 32 09;E 118 51;32.15;118.85
nansha;N 22 38;E 113 40;22.6333333333;113.666666667
nantong;N 31 55;E 120 52;31.9166666667;120.866666667
ningbo;N 29 56;E 121 51;29.9333333333;121.85
pingtan;N 25 31;E 119 47;25.5166666667;119.783333333
punan;N 24 34;E 118 11;24.5666666667;118.183333333
putian;N 25 13;E 118 59;25.2166666667;118.983333333
Qianaobu;N 23 13;E 116 47;23.2166666667;116.783333333
qiantangrivverdelta;N 29 29;E 121 35;29.4833333333;121.583333333
qingdao;N 36 03;E 120 16;36.05;120.266666667
qinhuangdao;N 39 55;E 119 38;39.9166666667;119.633333333
qinzhou;N 21 43;E 108 36;21.7166666667;108.6
quanzhou;N 24 52;E 118 38;24.8666666667;118.633333333
rizhao;N 35 22;E 119 33;35.3666666667;119.55
ruian;N 27 44;E 120 40;27.7333333333;120.666666667
sajiangriverdelta;N 26 51;E 119 41;26.85;119.683333333
sanshan;N 31 16;E 118 12;31.2666666667;118.2
sanshui;N 23 09;E 112 52;23.15;112.866666667
shajiazhuang;N 37 50;E 120 44;37.8333333333;120.733333333
shanghai;N 31 19;E 121 26;31.3166666667;121.433333333
shantou;N 23 20;E 116 43;23.3333333333;116.716666667
shanwei;N 22 46;E 115 21;22.7666666667;115.35
shekou;N 22 28;E 113 54;22.4666666667;113.9
shengsi;N 30 44;E 122 27;30.7333333333;122.45
shenhuzhen;N 24 38;E 118 41;24.6333333333;118.683333333
shenzhen;N 22 30;E 113 56;22.5;113.933333333
shidao;N 36 52;E 122 27;36.8666666667;122.45
shijingzhen;N 24 38;E 118 26;24.6333333333;118.433333333
shunde;N 22 47;E 113 18;22.7833333333;113.3
suizhong;N 40 04;E 120 02;40.0666666667;120.033333333
taicang;N 31 25;E 121 05;31.4166666667;121.083333333
tangshan;N 39 13;E 119 02;39.2166666667;119.033333333
tangshancao;N 39 05;E 118 31;39.0833333333;118.516666667
taohua;N 29 49;E 122 16;29.8166666667;122.266666667
tianjin;N 38 59;E 117 43;38.9833333333;117.716666667
tianjinshipyard;N 38 48;E 121 08;38.8;121.133333333
weihai;N 37 28;E 122 12;37.4666666667;122.2
weitou;N 24 31;E 118 34;24.5166666667;118.566666667
weizhoudao;N 21 03;E 109 05;21.05;109.083333333
wenzhou;N 27 59;E 120 48;27.9833333333;120.8
wuhan;N 30 35;E 114 19;30.5833333333;114.316666667
xiamen;N 24 29;E 118 02;24.4833333333;118.033333333
xiaolan;N 22 40;E 113 16;22.6666666667;113.266666667
xiaoyangxiang;N 30 37;E 122 04;30.6166666667;122.066666667
xinhui;N 22 26;E 113 02;22.4333333333;113.033333333
xiushanisland;N 30 09;E 122 09;30.15;122.15
yangjiang;N 21 42;E 111 49;21.7;111.816666667
yangpu;N 19 44;E 109 10;19.7333333333;109.166666667
yangzhou;N 32 17;E 119 33;32.2833333333;119.55
yantai;N 37 34;E 121 23;37.5666666667;121.383333333
yantian;N 22 34;E 114 16;22.5666666667;114.266666667
yingkou;N 40 17;E 122 06;40.2833333333;122.1
yiulianshekoudockyards;N 22 30;E 113 50;22.5;113.833333333
yongningzhen;N 24 40;E 118 41;24.6666666667;118.683333333
yueqing;N 28 10;E 121 06;28.1666666667;121.1
zhangjiagang;N 31 57;E 120 36;31.95;120.6
zhanjiang;N 21 13;E 110 25;21.2166666667;110.416666667
zhaoqing;N 23 02;E 112 28;23.0333333333;112.466666667
zhapu;N 30 35;E 121 05;30.5833333333;121.083333333
zhenjiang;N 32 12;E 119 31;32.2;119.516666667
zhoushan;N 29 60;E 122 03;30.0;122.05
zhuhai;N 22 16;E 113 35;22.2666666667;113.583333333
barranquilla;N 10 60;W 074 47;11.0;-74.7833333333
buenaventura;N 03 54;W 077 04;3.9;-77.0666666667
cartagena;N 10 21;W 075 31;10.35;-75.5166666667
covenas;N 09 28;W 075 44;9.46666666667;-75.7333333333
Santa%20Marta;N 11 15;W 074 13;11.25;-74.2166666667
pointenoire;S 04 47;E 011 50;-4.78333333333;11.8333333333
caldera;N 09 55;W 084 43;9.91666666667;-84.7166666667
puertolimon;N 09 59;W 083 01;9.98333333333;-83.0166666667
abidjan;N 05 18;W 004 02;5.3;-4.03333333333
kostrena;N 45 19;E 014 29;45.3166666667;14.4833333333
kraljevica;N 45 16;E 014 34;45.2666666667;14.5666666667
omisalj;N 45 13;E 014 32;45.2166666667;14.5333333333
plomin;N 45 08;E 014 11;45.1333333333;14.1833333333
rijeka;N 45 20;E 014 26;45.3333333333;14.4333333333
rogac;N 43 24;E 016 18;43.4;16.3
split;N 43 31;E 016 26;43.5166666667;16.4333333333
famagusta;N 35 08;E 033 57;35.1333333333;33.95
larnacaoffshore;N 34 57;E 033 40;34.95;33.6666666667
larnaka;N 34 55;E 033 39;34.9166666667;33.65
limassol;N 34 39;E 033 01;34.65;33.0166666667
aalborg;N 57 03;E 009 56;57.05;9.93333333333
AARHUS;N 56 09;E 010 14;56.15;10.2333333333
allinge;N 55 17;E 014 48;55.2833333333;14.8
apenrade;N 55 03;E 009 26;55.05;9.43333333333
aroskobing;N 54 54;E 010 25;54.9;10.4166666667
assens;N 55 16;E 009 53;55.2666666667;9.88333333333
avedore;N 55 36;E 012 29;55.6;12.4833333333
bagenkop;N 54 45;E 010 40;54.75;10.6666666667
KOPENHAGEN;N 55 42;E 012 37;55.7;12.6166666667
dragor;N 55 35;E 012 41;55.5833333333;12.6833333333
esbjerg;N 55 28;E 008 26;55.4666666667;8.43333333333
FREDERICIA;N 55 33;E 009 45;55.55;9.75
frederikshavn;N 57 26;E 010 33;57.4333333333;10.55
frederiksvaerk;N 55 58;E 012 01;55.9666666667;12.0166666667
fynshav;N 54 60;E 009 59;55.0;9.98333333333
gedser;N 54 34;E 011 56;54.5666666667;11.9333333333
gilleleje;N 56 08;E 012 19;56.1333333333;12.3166666667
grenaa;N 56 25;E 010 56;56.4166666667;10.9333333333
hanstholm;N 57 07;E 008 36;57.1166666667;8.6
havneby;N 55 05;E 008 34;55.0833333333;8.56666666667
helsingor;N 56 02;E 012 37;56.0333333333;12.6166666667
hirtshals;N 57 36;E 009 58;57.6;9.96666666667
horsens;N 55 51;E 009 52;55.85;9.86666666667
hov;N 55 55;E 010 15;55.9166666667;10.25
hvidesande;N 56 00;E 008 08;56.0;8.13333333333
kalundborg;N 55 40;E 011 05;55.6666666667;11.0833333333
koge;N 55 28;E 012 12;55.4666666667;12.2
kolbykas;N 55 48;E 010 32;55.8;10.5333333333
kolding;N 55 30;E 009 30;55.5;9.5
korsoer;N 55 20;E 011 08;55.3333333333;11.1333333333
marstal;N 54 51;E 010 31;54.85;10.5166666667
middelfart;N 55 30;E 009 44;55.5;9.73333333333
nakskov;N 54 50;E 011 08;54.8333333333;11.1333333333
nexoebornholm;N 55 04;E 015 08;55.0666666667;15.1333333333
nyborg;N 55 18;E 010 48;55.3;10.8
oesterby;N 57 19;E 011 07;57.3166666667;11.1166666667
osthavnen;N 57 03;E 010 03;57.05;10.05
rodby;N 54 39;E 011 21;54.65;11.35
roenne;N 55 06;E 014 41;55.1;14.6833333333
rudkoebing;N 54 56;E 010 43;54.9333333333;10.7166666667
skagen;N 57 43;E 010 35;57.7166666667;10.5833333333
snaptun;N 55 49;E 010 03;55.8166666667;10.05
sobydk;N 54 57;E 010 15;54.95;10.25
sonderborg;N 54 55;E 009 47;54.9166666667;9.78333333333
spodsbjerg;N 54 56;E 010 50;54.9333333333;10.8333333333
stevnspier;N 55 19;E 012 27;55.3166666667;12.45
strandby;N 57 30;E 010 30;57.5;10.5
svendborg;N 55 04;E 010 37;55.0666666667;10.6166666667
tejnbornholm;N 55 15;E 014 50;55.25;14.8333333333
thisted;N 56 57;E 008 42;56.95;8.7
thorsminde;N 56 22;E 008 07;56.3666666667;8.11666666667
tyboroen;N 56 42;E 008 13;56.7;8.21666666667
vejle;N 55 42;E 009 33;55.7;9.55
vigeroe;N 55 28;E 010 33;55.4666666667;10.55
djibouti;N 11 36;E 043 07;11.6;43.1166666667
roseau;N 15 18;W 061 23;15.3;-61.3833333333
barahona;N 18 12;W 071 05;18.2;-71.0833333333
caborojo;N 17 56;W 071 39;17.9333333333;-71.65
caucedo;N 18 26;W 069 38;18.4333333333;-69.6333333333
haina;N 18 25;W 070 01;18.4166666667;-70.0166666667
laromana;N 18 25;W 068 55;18.4166666667;-68.9166666667
lascalderas;N 18 13;W 070 31;18.2166666667;-70.5166666667
puertoplata;N 19 49;W 070 43;19.8166666667;-70.7166666667
samana;N 19 12;W 069 20;19.2;-69.3333333333
sanpedromacoris;N 18 27;W 069 19;18.45;-69.3166666667
santodomingo;N 18 29;W 069 53;18.4833333333;-69.8833333333
esmeraldas;N 00 59;W 079 39;0.983333333333;-79.65
guayaquil;S 02 16;W 079 56;-2.26666666667;-79.9333333333
lalibertad;S 02 11;W 080 53;-2.18333333333;-80.8833333333
manta;S 00 56;W 080 43;-0.933333333333;-80.7166666667
monteverde;S 02 04;W 080 45;-2.06666666667;-80.75
posorja;S 02 42;W 080 15;-2.7;-80.25
puertobolivar;S 03 16;W 080 00;-3.26666666667;-80.0
abuqir;N 31 19;E 030 05;31.3166666667;30.0833333333
adabiya;N 29 53;E 032 28;29.8833333333;32.4666666667
ainsukhna%20;N 29 39;E 032 21;29.65;32.35
alexandria;N 31 09;E 029 51;31.15;29.85
damietta;N 31 28;E 031 46;31.4666666667;31.7666666667
nuwaiba;N 28 58;E 034 40;28.9666666667;34.6666666667
portsaid;N 31 14;E 032 20;31.2333333333;32.3333333333
sidikerir;N 31 07;E 029 35;31.1166666667;29.5833333333
suez;N 29 57;E 032 33;29.95;32.55
bata;N 01 50;E 009 44;1.83333333333;9.73333333333
luba;N 03 29;E 008 33;3.48333333333;8.55
malabo;N 03 46;E 008 47;3.76666666667;8.78333333333
puntaeuropa;N 03 46;E 008 43;3.76666666667;8.71666666667
kuivastu;N 58 34;E 023 24;58.5666666667;23.4
kunda;N 59 31;E 026 33;59.5166666667;26.55
miiduranna;N 59 30;E 024 49;59.5;24.8166666667
MUUGA;N 59 30;E 024 58;59.5;24.9666666667
oti;N 59 34;E 024 48;59.5666666667;24.8
paldiski;N 59 21;E 024 04;59.35;24.0666666667
paernu;N 58 23;E 024 29;58.3833333333;24.4833333333
rohukula%20;N 58 54;E 023 25;58.9;23.4166666667
roomassaare;N 58 13;E 022 30;58.2166666667;22.5
sillamae;N 59 25;E 027 44;59.4166666667;27.7333333333
TALLINN;N 59 27;E 024 42;59.45;24.7
virtsu;N 58 35;E 023 30;58.5833333333;23.5
suva;S 18 08;E 178 26;-18.1333333333;178.433333333
eckero;N 60 14;E 019 32;60.2333333333;19.5333333333
ekenas;N 59 59;E 023 26;59.9833333333;23.4333333333
hamina;N 60 33;E 027 10;60.55;27.1666666667
hanko;N 59 49;E 022 57;59.8166666667;22.95
HELSINKI;N 60 08;E 024 57;60.1333333333;24.95
inkoo;N 60 01;E 023 55;60.0166666667;23.9166666667
joensuu;N 62 35;E 029 45;62.5833333333;29.75
joutseno;N 61 08;E 028 27;61.1333333333;28.45
kantvik;N 60 05;E 024 22;60.0833333333;24.3666666667
kaskinen;N 62 22;E 021 13;62.3666666667;21.2166666667
kemi;N 65 42;E 024 36;65.7;24.6
kokkola;N 63 51;E 023 03;63.85;23.05
kotka;N 60 28;E 026 56;60.4666666667;26.9333333333
kuopio;N 62 52;E 027 41;62.8666666667;27.6833333333
lappeenranta;N 61 04;E 028 12;61.0666666667;28.2
loviisa;N 60 26;E 026 15;60.4333333333;26.25
maentyluoto;N 61 36;E 021 29;61.6;21.4833333333
mariehamn;N 60 06;E 019 56;60.1;19.9333333333
naantali;N 60 27;E 022 03;60.45;22.05
oulu;N 65 01;E 025 27;65.0166666667;25.45
pietarsaarijakobstad;N 63 42;E 022 42;63.7;22.7
porvoo;N 60 20;E 025 35;60.3333333333;25.5833333333
raahe;N 64 40;E 024 25;64.6666666667;24.4166666667
rahja;N 64 13;E 023 42;64.2166666667;23.7
rauma;N 61 07;E 021 27;61.1166666667;21.45
savonlinna;N 61 53;E 028 53;61.8833333333;28.8833333333
siilinjarvi;N 63 05;E 027 43;63.0833333333;27.7166666667
tahkoluoto;N 61 38;E 021 24;61.6333333333;21.4
tornio;N 65 46;E 024 10;65.7666666667;24.1666666667
turku;N 60 27;E 022 10;60.45;22.1666666667
uusikaupunki;N 60 48;E 021 22;60.8;21.3666666667
vaasa;N 63 05;E 021 36;63.0833333333;21.6
varkaus;N 62 19;E 027 54;62.3166666667;27.9
vuoksenterminal;N 61 14;E 028 49;61.2333333333;28.8166666667
antibes;N 43 35;E 007 08;43.5833333333;7.13333333333
antifer;N 49 40;E 000 08;49.6666666667;0.133333333333
caenouistreham;N 49 14;W 000 17;49.2333333333;-0.283333333333
calais;N 50 58;E 001 52;50.9666666667;1.86666666667
cannes;N 43 33;E 007 02;43.55;7.03333333333
cherbourg;N 49 39;W 001 37;49.65;-1.61666666667
concarneau;N 47 52;W 003 55;47.8666666667;-3.91666666667
cordemais;N 47 17;W 001 53;47.2833333333;-1.88333333333
dunkirk;N 51 02;E 002 16;51.0333333333;2.26666666667
fessenheim;N 47 54;E 007 34;47.9;7.56666666667
FOSSURMER;N 43 25;E 004 53;43.4166666667;4.88333333333
golfejuan;N 43 34;E 007 05;43.5666666667;7.08333333333
honfleur;N 49 26;E 000 13;49.4333333333;0.216666666667
laciotat;N 43 10;E 005 37;43.1666666667;5.61666666667
larochelle;N 46 09;W 001 14;46.15;-1.23333333333
laseynesurmer;N 43 06;E 005 54;43.1;5.9
LEHAVRE;N 49 27;E 000 19;49.45;0.316666666667
marseille;N 43 20;E 005 20;43.3333333333;5.33333333333
nantes;N 47 12;W 001 37;47.2;-1.61666666667
noirmoutier;N 47 02;W 002 18;47.0333333333;-2.3
paris;N 48 57;E 002 17;48.95;2.28333333333
PORTDEBOUC;N 43 24;E 005 00;43.4;5.0
portlanouvelle;N 43 01;E 003 03;43.0166666667;3.05
rouen;N 49 24;E 001 03;49.4;1.05
saintmalo;N 48 39;W 002 01;48.65;-2.01666666667
saintmandrier;N 43 05;E 005 55;43.0833333333;5.91666666667
saintnazaire;N 47 12;W 002 15;47.2;-2.25
SETE;N 43 24;E 003 43;43.4;3.71666666667
stbarth;N 17 54;W 062 52;17.9;-62.8666666667
caplopezoilterm;S 00 38;E 008 43;-0.633333333333;8.71666666667
portgentil;S 00 44;E 008 48;-0.733333333333;8.8
portgentiloil;S 00 41;E 008 47;-0.683333333333;8.78333333333
Batumi;N 41 39;E 041 39;41.65;41.65
poti;N 42 09;E 041 39;42.15;41.65
ahlbeck;N 53 57;E 014 12;53.95;14.2
amrum;N 54 38;E 008 23;54.6333333333;8.38333333333
aschaffenburg;N 49 59;E 009 05;49.9833333333;9.08333333333
bamberg;N 49 55;E 010 52;49.9166666667;10.8666666667
bensersiel;N 53 41;E 007 34;53.6833333333;7.56666666667
bonn;N 50 45;E 007 06;50.75;7.1
borkum;N 53 34;E 006 45;53.5666666667;6.75
BRAKE;N 53 21;E 008 29;53.35;8.48333333333
breiholz;N 54 13;E 009 34;54.2166666667;9.56666666667
breisachamrhein;N 48 01;E 007 35;48.0166666667;7.58333333333
BREMEN;N 53 05;E 008 47;53.0833333333;8.78333333333
bremenfarge;N 53 12;E 008 31;53.2;8.51666666667
bremerhaven;N 53 33;E 008 34;53.55;8.56666666667
BRUNSBUETTEL;N 53 54;E 009 10;53.9;9.16666666667
buesum;N 54 07;E 008 52;54.1166666667;8.86666666667
BUETZFLETH;N 53 39;E 009 31;53.65;9.51666666667
burgstaaken;N 54 25;E 011 11;54.4166666667;11.1833333333
calvoerde;N 52 24;E 011 17;52.4;11.2833333333
castroprauxel;N 51 35;E 007 17;51.5833333333;7.28333333333
CUXHAVEN;N 53 52;E 008 52;53.8666666667;8.86666666667
dagebuell;N 54 44;E 008 42;54.7333333333;8.7
deggendorf;N 48 49;E 012 57;48.8166666667;12.95
ditzum;N 53 19;E 007 17;53.3166666667;7.28333333333
dormagen;N 51 05;E 006 51;51.0833333333;6.85
dorsten;N 51 40;E 006 59;51.6666666667;6.98333333333
dorumersiel;N 53 41;E 007 29;53.6833333333;7.48333333333
dorumneufeld;N 53 44;E 008 31;53.7333333333;8.51666666667
duesseldorf;N 51 14;E 006 45;51.2333333333;6.75
DUISBURG;N 51 25;E 006 45;51.4166666667;6.75
eckernfoerde;N 54 28;E 009 51;54.4666666667;9.85
emden;N 53 21;E 007 11;53.35;7.18333333333
emmerich;N 51 50;E 006 15;51.8333333333;6.25
erlangen;N 49 35;E 010 59;49.5833333333;10.9833333333
fassmerwerft;N 53 11;E 008 33;53.1833333333;8.55
ferryfischerhuettes;N 54 09;E 009 22;54.15;9.36666666667
flensburg;N 54 48;E 009 27;54.8;9.45
frankfurtammain;N 50 07;E 008 44;50.1166666667;8.73333333333
friedrichskoog;N 54 00;E 008 53;54.0;8.88333333333
geesthacht;N 53 26;E 010 21;53.4333333333;10.35
GLUECKSTADT;N 53 47;E 009 25;53.7833333333;9.41666666667
groemitz;N 54 08;E 010 57;54.1333333333;10.95
gruenendeich;N 53 35;E 009 36;53.5833333333;9.6
haldensleben;N 52 17;E 011 24;52.2833333333;11.4
HAMBURG;N 53 31;E 009 56;53.5166666667;9.93333333333
hanau;N 50 07;E 008 55;50.1166666667;8.91666666667
harlesiel;N 53 42;E 007 49;53.7;7.81666666667
heiligenhafen;N 54 22;E 010 60;54.3666666667;11.0
HELGOLAND;N 54 11;E 007 54;54.1833333333;7.9
hochdonn;N 54 01;E 009 18;54.0166666667;9.3
hoernum;N 54 46;E 008 18;54.7666666667;8.3
husum;N 54 28;E 009 02;54.4666666667;9.03333333333
juist;N 53 40;E 006 60;53.6666666667;7.0
kappeln;N 54 39;E 009 56;54.65;9.93333333333
karlsruhe;N 49 01;E 008 19;49.0166666667;8.31666666667
kelheim;N 48 55;E 011 55;48.9166666667;11.9166666667
KIEL;N 54 22;E 010 11;54.3666666667;10.1833333333
koeln;N 50 56;E 006 58;50.9333333333;6.96666666667
koenigswinter;N 50 41;E 007 11;50.6833333333;7.18333333333
kuehlungsborn;N 54 09;E 011 46;54.15;11.7666666667
langeoog;N 53 44;E 007 30;53.7333333333;7.5
lauenburg;N 53 22;E 010 34;53.3666666667;10.5666666667
leer;N 53 13;E 007 27;53.2166666667;7.45
leverkusen;N 51 01;E 006 58;51.0166666667;6.96666666667
listsylt;N 55 01;E 008 26;55.0166666667;8.43333333333
lubmin;N 54 09;E 013 40;54.15;13.6666666667
ludwigshafen;N 49 30;E 008 26;49.5;8.43333333333
LUEBECK;N 53 53;E 010 45;53.8833333333;10.75
lueneburg;N 53 14;E 010 29;53.2333333333;10.4833333333
maasholm;N 54 41;E 009 59;54.6833333333;9.98333333333
magdeburg;N 52 10;E 011 40;52.1666666667;11.6666666667
mainz;N 50 01;E 008 15;50.0166666667;8.25
mannheim;N 49 29;E 008 29;49.4833333333;8.48333333333
marl;N 51 41;E 007 05;51.6833333333;7.08333333333
moelln;N 53 38;E 010 41;53.6333333333;10.6833333333
moormerland;N 53 20;E 007 20;53.3333333333;7.33333333333
muelheimanderruhr;N 51 26;E 006 51;51.4333333333;6.85
MUKRAN;N 54 29;E 013 36;54.4833333333;13.6
neuharlingersiel;N 53 42;E 007 42;53.7;7.7
neuss;N 51 13;E 006 42;51.2166666667;6.7
NEUSTADT;N 54 06;E 010 48;54.1;10.8
niehl;N 50 59;E 006 59;50.9833333333;6.98333333333
norddeich;N 53 37;E 007 10;53.6166666667;7.16666666667
nordenham;N 53 30;E 008 31;53.5;8.51666666667
norderney;N 53 42;E 007 10;53.7;7.16666666667
nordstrand;N 54 30;E 008 48;54.5;8.8
nuernberg;N 49 25;E 011 02;49.4166666667;11.0333333333
ottmarsheim;N 47 48;E 007 32;47.8;7.53333333333
papenburg;N 53 06;E 007 22;53.1;7.36666666667
passau;N 48 35;E 013 26;48.5833333333;13.4333333333
peenemuende;N 54 08;E 013 46;54.1333333333;13.7666666667
pilotruester;N 54 15;E 009 37;54.25;9.61666666667
puttgarden;N 54 30;E 011 14;54.5;11.2333333333
regensburg;N 49 01;E 012 08;49.0166666667;12.1333333333
rendsburg;N 54 18;E 009 42;54.3;9.7
riesa;N 51 19;E 013 17;51.3166666667;13.2833333333
ROSTOCK;N 54 08;E 012 07;54.1333333333;12.1166666667
roth;N 49 14;E 011 09;49.2333333333;11.15
SASSNITZ;N 54 31;E 013 38;54.5166666667;13.6333333333
schluettsiel;N 54 41;E 008 45;54.6833333333;8.75
speyer;N 49 19;E 008 27;49.3166666667;8.45
spiekeroog;N 53 46;E 007 42;53.7666666667;7.7
spyck;N 51 50;E 006 10;51.8333333333;6.16666666667
stadersand;N 53 38;E 009 31;53.6333333333;9.51666666667
STRALSUND;N 54 18;E 013 06;54.3;13.1
straubing;N 48 54;E 012 40;48.9;12.6666666667
tangermuende;N 52 33;E 011 59;52.55;11.9833333333
TRAVEMUENDE;N 53 57;E 010 52;53.95;10.8666666667
uerdingen;N 51 21;E 006 40;51.35;6.66666666667
vierow;N 54 08;E 013 34;54.1333333333;13.5666666667
wangerooge;N 53 47;E 007 52;53.7833333333;7.86666666667
WEDEL;N 53 34;E 009 42;53.5666666667;9.7
weilamrhein;N 47 36;E 007 35;47.6;7.58333333333
wesel;N 51 39;E 006 36;51.65;6.6
westdorf;N 53 43;E 007 22;53.7166666667;7.36666666667
westerdeich;N 53 41;E 007 22;53.6833333333;7.36666666667
wewelsfleth;N 53 50;E 009 24;53.8333333333;9.4
wieck;N 54 06;E 013 27;54.1;13.45
WILHELMSHAVEN;N 53 35;E 008 06;53.5833333333;8.1
WISCHHAFEN;N 53 46;E 009 20;53.7666666667;9.33333333333
WISMAR;N 53 54;E 011 27;53.9;11.45
wittenberge;N 52 59;E 011 45;52.9833333333;11.75
woerthamrhein;N 49 04;E 008 18;49.0666666667;8.3
WOLGAST;N 54 03;E 013 47;54.05;13.7833333333
worms;N 49 39;E 008 22;49.65;8.36666666667
wuerzburg;N 49 48;E 009 54;49.8;9.9
wykfoehr;N 54 41;E 008 34;54.6833333333;8.56666666667
takoradi;N 04 55;W 001 43;4.91666666667;-1.71666666667
tema;N 05 38;E 000 01;5.63333333333;0.0166666666667
agioitheodoroi%20;N 37 55;E 023 05;37.9166666667;23.0833333333
ampelakia;N 37 57;E 023 33;37.95;23.55
andirrion;N 38 20;E 021 46;38.3333333333;21.7666666667
chalkis;N 38 26;E 023 36;38.4333333333;23.6
corfu;N 39 38;E 019 55;39.6333333333;19.9166666667
drepanoriou;N 38 20;E 021 51;38.3333333333;21.85
elevsis;N 38 02;E 023 33;38.0333333333;23.55
ermoupoli;N 37 26;E 024 57;37.4333333333;24.95
gavrion;N 37 53;E 024 44;37.8833333333;24.7333333333
glyfada;N 37 53;E 023 44;37.8833333333;23.7333333333
heraklion;N 35 21;E 025 09;35.35;25.15
kalamaki;N 37 55;E 023 42;37.9166666667;23.7
kalilimenes;N 34 56;E 024 48;34.9333333333;24.8
kimolos;N 36 47;E 024 35;36.7833333333;24.5833333333
kos;N 36 54;E 027 17;36.9;27.2833333333
lavrio;N 37 43;E 024 04;37.7166666667;24.0666666667
mykonos;N 37 27;E 025 20;37.45;25.3333333333
mytilene;N 39 06;E 026 33;39.1;26.55
naxos;N 37 06;E 025 22;37.1;25.3666666667
patras;N 38 14;E 021 44;38.2333333333;21.7333333333
patrasrio;N 38 19;E 021 47;38.3166666667;21.7833333333
PERAMA;N 37 57;E 023 35;37.95;23.5833333333
PIRAEUS;N 37 56;E 023 39;37.9333333333;23.65
prinosthassou;N 40 46;E 024 35;40.7666666667;24.5833333333
rhodos;N 36 27;E 028 14;36.45;28.2333333333
thessaloniki;N 40 36;E 022 55;40.6;22.9166666667
thira;N 36 24;E 025 26;36.4;25.4333333333
tinos;N 37 32;E 025 10;37.5333333333;25.1666666667
saintgeorges;N 12 03;W 061 45;12.05;-61.75
barrios;N 15 44;W 088 36;15.7333333333;-88.6
puertoquetzal%20;N 13 55;W 090 48;13.9166666667;-90.8
santotomas;N 15 42;W 088 37;15.7;-88.6166666667
conakry;N 09 31;W 013 43;9.51666666667;-13.7166666667
portkamsar;N 10 39;W 014 38;10.65;-14.6333333333
georgetown;N 06 47;W 058 11;6.78333333333;-58.1833333333
caphaitien;N 19 45;W 072 11;19.75;-72.1833333333
labadee;N 19 47;W 072 15;19.7833333333;-72.25
portauprince;N 18 33;W 072 22;18.55;-72.3666666667
puertocortes;N 15 50;W 087 57;15.8333333333;-87.95
budapest;N 47 31;E 019 03;47.5166666667;19.05
akranes;N 64 19;W 022 05;64.3166666667;-22.0833333333
akureyri;N 65 41;W 018 05;65.6833333333;-18.0833333333
dalvik;N 65 58;W 018 32;65.9666666667;-18.5333333333
eskifjordur;N 65 04;W 014 01;65.0666666667;-14.0166666667
flateyri;N 66 03;W 023 31;66.05;-23.5166666667
grindavik;N 63 50;W 022 25;63.8333333333;-22.4166666667
grundarfjoerour;N 64 55;W 023 15;64.9166666667;-23.25
husavik;N 66 03;W 017 21;66.05;-17.35
keflavik;N 64 00;W 022 33;64.0;-22.55
olafsvik;N 64 54;W 023 42;64.9;-23.7
patreksfjordur;N 65 36;W 024 00;65.6;-24.0
porlakshoefn;N 63 52;W 021 22;63.8666666667;-21.3666666667
reydartfjordur;N 65 02;W 014 13;65.0333333333;-14.2166666667
reykjavik;N 64 09;W 021 53;64.15;-21.8833333333
rificeland;N 64 55;W 023 49;64.9166666667;-23.8166666667
sandgerdi;N 64 02;W 022 43;64.0333333333;-22.7166666667
siglufjordur;N 66 09;W 018 55;66.15;-18.9166666667
stykkisholmur;N 65 05;W 022 43;65.0833333333;-22.7166666667
suoureyri;N 66 08;W 023 31;66.1333333333;-23.5166666667
talknafjordur;N 65 38;W 023 49;65.6333333333;-23.8166666667
alang;N 21 23;E 072 13;21.3833333333;72.2166666667
budgebudge;N 22 29;E 088 11;22.4833333333;88.1833333333
chennai;N 13 06;E 080 18;13.1;80.3
cochin;N 09 58;E 076 16;9.96666666667;76.2666666667
dhamra;N 20 49;E 086 58;20.8166666667;86.9666666667
ennore;N 13 16;E 080 21;13.2666666667;80.35
gangavaram;N 17 37;E 083 14;17.6166666667;83.2333333333
haldia;N 22 02;E 088 05;22.0333333333;88.0833333333
hazira;N 21 08;E 072 40;21.1333333333;72.6666666667
kakinada;N 16 58;E 082 16;16.9666666667;82.2666666667
kandla;N 23 01;E 070 13;23.0166666667;70.2166666667
karwarport;N 14 48;E 074 07;14.8;74.1166666667
kattupalli;N 13 18;E 080 21;13.3;80.35
kolkata;N 22 35;E 088 19;22.5833333333;88.3166666667
krishnapatnam;N 14 15;E 080 08;14.25;80.1333333333
mangalore;N 12 56;E 074 49;12.9333333333;74.8166666667
mormugao;N 15 25;E 073 48;15.4166666667;73.8
mumbai;N 18 56;E 072 51;18.9333333333;72.85
mundra;N 22 45;E 069 39;22.75;69.65
nhavasheva;N 18 57;E 072 57;18.95;72.95
panaji;N 15 30;E 073 50;15.5;73.8333333333
paradip;N 20 16;E 086 40;20.2666666667;86.6666666667
pipavav;N 20 55;E 071 30;20.9166666667;71.5
pirpau;N 18 59;E 072 54;18.9833333333;72.9
sanghi;N 23 23;E 068 34;23.3833333333;68.5666666667
tuticorin;N 08 45;E 078 13;8.75;78.2166666667
visakhapatnam;N 17 42;E 083 17;17.7;83.2833333333
amamapare;S 04 50;E 136 51;-4.83333333333;136.85
ambon;S 03 40;E 128 12;-3.66666666667;128.2
anyer;S 06 02;E 105 56;-6.03333333333;105.933333333
bakauheni;S 05 52;E 105 45;-5.86666666667;105.75
balikpapan;S 01 12;E 116 47;-1.2;116.783333333
balongan;S 06 20;E 108 26;-6.33333333333;108.433333333
banjarmasin;S 03 19;E 114 33;-3.31666666667;114.55
bantam;N 01 04;E 103 56;1.06666666667;103.933333333
batuampar;N 01 10;E 103 60;1.16666666667;104.0
baubau;S 05 27;E 122 37;-5.45;122.616666667
belawan;N 03 47;E 098 40;3.78333333333;98.6666666667
bengkulu;S 03 55;E 102 18;-3.91666666667;102.3
bitung;N 01 27;E 125 13;1.45;125.216666667
bojonegara;S 05 59;E 106 07;-5.98333333333;106.116666667
bontang;N 00 11;E 117 30;0.183333333333;117.5
bontangbadak;N 00 05;E 117 29;0.0833333333333;117.483333333
cigading;S 06 01;E 105 57;-6.01666666667;105.95
cilacap;S 07 43;E 109 00;-7.71666666667;109.0
cirebon;S 06 43;E 108 35;-6.71666666667;108.583333333
denpasar;S 08 45;E 115 13;-8.75;115.216666667
dumai;N 01 43;E 101 26;1.71666666667;101.433333333
gilimanuk;S 08 10;E 114 26;-8.16666666667;114.433333333
gresik;S 07 10;E 112 40;-7.16666666667;112.666666667
jakarta;S 06 06;E 106 54;-6.1;106.9
kendari;S 03 59;E 122 35;-3.98333333333;122.583333333
ketapang;S 08 08;E 114 24;-8.13333333333;114.4
kotabaru;S 03 15;E 116 12;-3.25;116.2
kualatanjung;N 03 23;E 099 28;3.38333333333;99.4666666667
kumai;S 02 42;E 111 46;-2.7;111.766666667
kupang;S 10 12;E 123 31;-10.2;123.516666667
labuhan;S 06 24;E 105 49;-6.4;105.816666667
lembar;S 08 44;E 116 04;-8.73333333333;116.066666667
lhoknga;N 05 27;E 095 15;5.45;95.25
lhokseumawe;N 05 14;E 097 05;5.23333333333;97.0833333333
makassar;S 05 08;E 119 25;-5.13333333333;119.416666667
manggis;S 08 31;E 115 31;-8.51666666667;115.516666667
manokwari;S 00 52;E 134 04;-0.866666666667;134.066666667
mataram;S 08 35;E 116 04;-8.58333333333;116.066666667
merak;S 05 56;E 106 03;-5.93333333333;106.05
pacitan;S 08 16;E 111 22;-8.26666666667;111.366666667
padang;S 01 00;E 100 22;-1.0;100.366666667
palembang;S 02 59;E 104 49;-2.98333333333;104.816666667
palu;S 00 46;E 119 49;-0.766666666667;119.816666667
pangkalpinang;S 02 06;E 106 08;-2.1;106.133333333
pantoloan;S 00 43;E 119 51;-0.716666666667;119.85
pontianak;N 00 01;E 109 20;0.0166666666667;109.333333333
probolinggo;S 07 43;E 113 13;-7.71666666667;113.216666667
samarinda;S 00 33;E 117 10;-0.55;117.166666667
sampit;S 02 40;E 113 01;-2.66666666667;113.016666667
saumlaki;S 07 59;E 131 18;-7.98333333333;131.3
semarang;S 06 57;E 110 26;-6.95;110.433333333
siammaspion;S 07 07;E 112 38;-7.11666666667;112.633333333
situbondooffshorelng;S 07 37;E 113 59;-7.61666666667;113.983333333
surabaya;S 07 12;E 112 44;-7.2;112.733333333
tanjungbara;N 00 32;E 117 39;0.533333333333;117.65
tanjungmerangas;N 00 02;E 117 32;0.0333333333333;117.533333333
tanjungpandan;S 02 45;E 107 39;-2.75;107.65
tanjungpemancingan;S 03 13;E 116 17;-3.21666666667;116.283333333
tarakan;N 03 19;E 117 34;3.31666666667;117.566666667
tarjun;S 03 17;E 116 07;-3.28333333333;116.116666667
tegal;S 06 51;E 109 08;-6.85;109.133333333
telukkabung;S 01 02;E 100 24;-1.03333333333;100.4
tual;S 05 37;E 132 45;-5.61666666667;132.75
bandarabbas;N 27 06;E 056 05;27.1;56.0833333333
larakisland;N 26 53;E 056 33;26.8833333333;56.55
lavanisland;N 26 48;E 053 17;26.8;53.2833333333
sirriisland;N 25 55;E 054 34;25.9166666667;54.5666666667
basraoilterminal;N 29 40;E 048 50;29.6666666667;48.8333333333
khoralamayaoilterm;N 29 47;E 048 48;29.7833333333;48.8
khor%20al%20zubair;N 30 10;E 047 53;30.1666666667;47.8833333333
ummqasr;N 30 02;E 047 58;30.0333333333;47.9666666667
cobh;N 51 51;W 008 19;51.85;-8.31666666667
cork;N 51 51;W 008 17;51.85;-8.28333333333
dublin;N 53 21;W 006 12;53.35;-6.2
killybegs;N 54 38;W 008 26;54.6333333333;-8.43333333333
kilroot;N 54 43;W 005 45;54.7166666667;-5.75
rosslare;N 52 15;W 006 20;52.25;-6.33333333333
waterford;N 52 16;W 007 04;52.2666666667;-7.06666666667
ramsey;N 54 19;W 004 22;54.3166666667;-4.36666666667
ashdod;N 31 50;E 034 39;31.8333333333;34.65
ashkelon;N 31 38;E 034 30;31.6333333333;34.5
eilat;N 29 32;E 034 56;29.5333333333;34.9333333333
hadera;N 32 28;E 034 53;32.4666666667;34.8833333333
haifa;N 32 49;E 035 01;32.8166666667;35.0166666667
ancona;N 43 37;E 013 30;43.6166666667;13.5
augusta;N 37 13;E 015 12;37.2166666667;15.2
bari;N 41 08;E 016 51;41.1333333333;16.85
brindisi;N 40 39;E 017 58;40.65;17.9666666667
cagliari;N 39 13;E 009 06;39.2166666667;9.1
carloforte;N 39 09;E 008 19;39.15;8.31666666667
carrara;N 44 02;E 010 02;44.0333333333;10.0333333333
casamicciolaterme%20;N 40 45;E 013 55;40.75;13.9166666667
catania;N 37 30;E 015 06;37.5;15.1
chioggia;N 45 13;E 012 17;45.2166666667;12.2833333333
civitavecchia;N 42 07;E 011 46;42.1166666667;11.7666666667
formia;N 41 15;E 013 37;41.25;13.6166666667
gaeta;N 41 13;E 013 34;41.2166666667;13.5666666667
gela;N 37 01;E 014 14;37.0166666667;14.2333333333
GENOVA;N 44 24;E 008 51;44.4;8.85
gioiatauro;N 38 27;E 015 54;38.45;15.9
LASPEZIA;N 44 05;E 009 51;44.0833333333;9.85
livorno;N 43 33;E 010 19;43.55;10.3166666667
marinagrande;N 40 33;E 014 15;40.55;14.25
messina;N 38 12;E 015 34;38.2;15.5666666667
monfalcone;N 45 47;E 013 33;45.7833333333;13.55
naples;N 40 50;E 014 16;40.8333333333;14.2666666667
neapel;N 40 50;E 014 16;40.8333333333;14.2666666667
ortona;N 42 21;E 014 25;42.35;14.4166666667
palermo;N 38 08;E 013 22;38.1333333333;13.3666666667
pantelleria;N 36 50;E 011 56;36.8333333333;11.9333333333
pescara;N 42 28;E 014 14;42.4666666667;14.2333333333
portoempedocle;N 37 17;E 013 32;37.2833333333;13.5333333333
Porto%20Nogaro;N 45 47;E 013 14;45.7833333333;13.2333333333
portotorres;N 40 51;E 008 23;40.85;8.38333333333
portovesme;N 39 12;E 008 24;39.2;8.4
procida;N 40 46;E 014 02;40.7666666667;14.0333333333
ravenna;N 44 28;E 012 15;44.4666666667;12.25
reggiocalabria;N 38 07;E 015 39;38.1166666667;15.65
salerno;N 40 40;E 014 45;40.6666666667;14.75
santantioco;N 39 03;E 008 28;39.05;8.46666666667
sarroch;N 39 05;E 009 02;39.0833333333;9.03333333333
savona;N 44 19;E 008 30;44.3166666667;8.5
siracusa;N 37 07;E 015 15;37.1166666667;15.25
sorrento;N 40 38;E 014 23;40.6333333333;14.3833333333
taranto;N 40 28;E 017 12;40.4666666667;17.2
termoli;N 42 00;E 015 00;42.0;15.0
trapani;N 38 01;E 012 31;38.0166666667;12.5166666667
trieste;N 45 38;E 013 47;45.6333333333;13.7833333333
vadoligure;N 44 16;E 008 27;44.2666666667;8.45
venedig;N 45 25;E 012 15;45.4166666667;12.25
viareggio;N 43 51;E 010 15;43.85;10.25
villasangiovanni;N 38 13;E 015 38;38.2166666667;15.6333333333
kingstonjamaica;N 17 58;W 076 48;17.9666666667;-76.8
port%20esquivel;N 17 53;W 077 08;17.8833333333;-77.1333333333
rocky%20point;N 17 49;W 077 09;17.8166666667;-77.15
aji;N 34 23;E 134 07;34.3833333333;134.116666667
akadomari;N 37 52;E 138 25;37.8666666667;138.416666667
akita;N 39 46;E 140 03;39.7666666667;140.05
akitafunagawa;N 39 52;E 139 51;39.8666666667;139.85
aomori;N 40 50;E 140 44;40.8333333333;140.733333333
beppu;N 33 18;E 131 30;33.3;131.5
chibaport;N 35 35;E 140 06;35.5833333333;140.1
fukuyama;N 34 27;E 133 25;34.45;133.416666667
fushikitoyama;N 36 46;E 137 09;36.7666666667;137.15
futtsu;N 35 32;E 140 28;35.5333333333;140.466666667
gushikawa;N 26 20;E 127 51;26.3333333333;127.85
hachinohe;N 40 33;E 141 32;40.55;141.533333333
hakata;N 33 37;E 130 23;33.6166666667;130.383333333
hakodate;N 41 48;E 140 41;41.8;140.683333333
higashiharima;N 34 43;E 134 49;34.7166666667;134.816666667
himeji;N 34 46;E 134 39;34.7666666667;134.65
hiroshima;N 34 21;E 132 26;34.35;132.433333333
hitachi;N 36 30;E 140 37;36.5;140.616666667
hitachinaka;N 36 25;E 140 38;36.4166666667;140.633333333
hososhima;N 32 26;E 131 39;32.4333333333;131.65
ichihara;N 35 31;E 140 03;35.5166666667;140.05
imabari;N 34 04;E 133 01;34.0666666667;133.016666667
imabariship;N 34 07;E 132 58;34.1166666667;132.966666667
ishikari;N 43 12;E 141 18;43.2;141.3
ishinomaki;N 38 25;E 141 18;38.4166666667;141.3
iwakuni;N 34 12;E 132 15;34.2;132.25
kagoshima;N 31 32;E 130 32;31.5333333333;130.533333333
kanazawa;N 36 37;E 136 36;36.6166666667;136.6
kashima;N 35 55;E 140 41;35.9166666667;140.683333333
kiire;N 31 23;E 130 33;31.3833333333;130.55
kikuma;N 34 03;E 132 51;34.05;132.85
kinuura;N 34 52;E 136 58;34.8666666667;136.966666667
kisarazu;N 35 21;E 139 52;35.35;139.866666667
kobe;N 34 41;E 135 13;34.6833333333;135.216666667
kochi;N 33 32;E 133 34;33.5333333333;133.566666667
kudamatsu;N 33 59;E 131 51;33.9833333333;131.85
kure;N 34 14;E 132 33;34.2333333333;132.55
kurihama;N 35 13;E 139 43;35.2166666667;139.716666667
kushiro;N 42 59;E 144 21;42.9833333333;144.35
marugame;N 34 18;E 133 47;34.3;133.783333333
matsuura;N 33 21;E 129 42;33.35;129.7
matsuyama;N 33 50;E 132 42;33.8333333333;132.7
miikefukuoka;N 33 01;E 130 25;33.0166666667;130.416666667
minamata;N 32 12;E 130 23;32.2;130.383333333
mishima-kawanoe;N 34 00;E 133 33;34.0;133.55
miura;N 35 08;E 139 37;35.1333333333;139.616666667
miyazaki;N 31 55;E 131 28;31.9166666667;131.466666667
mizushima;N 34 30;E 133 43;34.5;133.716666667
moji;N 33 56;E 130 59;33.9333333333;130.983333333
muroran;N 42 21;E 140 58;42.35;140.966666667
nagashima;N 32 11;E 130 06;32.1833333333;130.1
nagasukumamoto;N 32 55;E 130 28;32.9166666667;130.466666667
nagoya;N 35 02;E 136 50;35.0333333333;136.833333333
naha;N 26 14;E 127 40;26.2333333333;127.666666667
nakanoseki;N 34 01;E 131 33;34.0166666667;131.55
namikata;N 34 07;E 132 54;34.1166666667;132.9
nanao;N 37 04;E 136 59;37.0666666667;136.983333333
naoetsu;N 37 12;E 138 16;37.2;138.266666667
nemuro;N 43 20;E 145 35;43.3333333333;145.583333333
niigatanishi;N 37 58;E 139 08;37.9666666667;139.133333333
niihama;N 33 58;E 133 18;33.9666666667;133.3
numazu;N 35 05;E 138 51;35.0833333333;138.85
nyugawa;N 33 56;E 133 07;33.9333333333;133.116666667
oarai;N 36 18;E 140 35;36.3;140.583333333
ogasawara;N 27 06;E 142 12;27.1;142.2
oita;N 33 16;E 131 40;33.2666666667;131.666666667
omaezaki;N 34 37;E 138 13;34.6166666667;138.216666667
omashimokita;N 41 32;E 140 54;41.5333333333;140.9
reihoku;N 32 29;E 130 02;32.4833333333;130.033333333
ryotsu;N 38 06;E 138 27;38.1;138.45
saganoseki;N 33 15;E 131 52;33.25;131.866666667
saijo;N 33 57;E 133 11;33.95;133.183333333
sakaide;N 34 21;E 133 51;34.35;133.85
sakaiminato;N 35 31;E 133 14;35.5166666667;133.233333333
sendai;N 38 17;E 141 01;38.2833333333;141.016666667
shibushi;N 31 27;E 131 06;31.45;131.1
shimizu;N 35 01;E 138 31;35.0166666667;138.516666667
shimoda;N 34 40;E 138 57;34.6666666667;138.95
shimonoseki;N 33 58;E 130 57;33.9666666667;130.95
shiogama;N 38 19;E 141 03;38.3166666667;141.05
soma;N 37 51;E 140 58;37.85;140.966666667
susaki;N 33 24;E 133 18;33.4;133.3
tadotsu;N 34 17;E 133 44;34.2833333333;133.733333333
tagonoura;N 35 09;E 138 42;35.15;138.7
takamatsu;N 34 22;E 134 03;34.3666666667;134.05
takuma;N 34 14;E 133 40;34.2333333333;133.666666667
tamano;N 34 28;E 133 57;34.4666666667;133.95
tokyo;N 35 37;E 139 55;35.6166666667;139.916666667
tomakomai;N 42 39;E 141 39;42.65;141.65
tomakomaipower;N 42 36;E 141 48;42.6;141.8
toyohashi;N 34 43;E 137 19;34.7166666667;137.316666667
jpube;N 33 57;E 131 13;33.95;131.216666667
usuki;N 33 07;E 131 49;33.1166666667;131.816666667
wadomari;N 27 24;E 128 40;27.4;128.666666667
wakayama;N 34 12;E 135 09;34.2;135.15
wakkanai;N 45 24;E 141 41;45.4;141.683333333
yaizu;N 34 52;E 138 20;34.8666666667;138.333333333
yanai;N 33 56;E 132 07;33.9333333333;132.116666667
yatsushiro;N 32 32;E 130 33;32.5333333333;130.55
yawatahama;N 33 27;E 132 24;33.45;132.4
yokkaichi;N 34 58;E 136 40;34.9666666667;136.666666667
yokohama;N 35 27;E 139 42;35.45;139.7
yokosuka;N 35 18;E 139 39;35.3;139.65
aqaba;N 29 27;E 034 58;29.45;34.9666666667
bautino;N 44 34;E 050 15;44.5666666667;50.25
mombasa;S 04 04;E 039 39;-4.06666666667;39.65
minaalahmadi;N 29 07;E 048 09;29.1166666667;48.15
shuaiba;N 29 02;E 048 10;29.0333333333;48.1666666667
shuwaikh;N 29 21;E 047 56;29.35;47.9333333333
liepaja;N 56 32;E 021 01;56.5333333333;21.0166666667
mersrags;N 57 20;E 023 08;57.3333333333;23.1333333333
pavilosta;N 56 53;E 021 11;56.8833333333;21.1833333333
RIGA;N 56 59;E 024 08;56.9833333333;24.1333333333
roja;N 57 30;E 022 48;57.5;22.8
salacgriva;N 57 45;E 024 22;57.75;24.3666666667
skulte;N 57 19;E 024 24;57.3166666667;24.4
ventspils;N 57 24;E 021 34;57.4;21.5666666667
beirut;N 33 55;E 035 32;33.9166666667;35.5333333333
tripoli;N 34 28;E 035 50;34.4666666667;35.8333333333
buchanan;N 05 52;W 010 03;5.86666666667;-10.05
monrovia;N 06 21;W 010 48;6.35;-10.8
azzawiyahl;N 32 48;E 012 41;32.8;12.6833333333
benghazi;N 32 06;E 020 03;32.1;20.05
marsaelbrega;N 30 25;E 019 35;30.4166666667;19.5833333333
mellitah;N 32 52;E 012 14;32.8666666667;12.2333333333
misrata;N 32 21;E 015 14;32.35;15.2333333333
raslanuf;N 30 30;E 018 35;30.5;18.5833333333
tobruq;N 32 04;E 023 59;32.0666666667;23.9833333333
tripolis;N 32 55;E 013 12;32.9166666667;13.2
zuara;N 32 55;E 012 07;32.9166666667;12.1166666667
KLAIPEDA;N 55 41;E 021 08;55.6833333333;21.1333333333
toamasina;S 18 09;E 049 26;-18.15;49.4333333333
kualabaram;N 04 34;E 114 01;4.56666666667;114.016666667
kuantan;N 03 59;E 103 25;3.98333333333;103.416666667
kunak;N 04 42;E 118 15;4.7;118.25
labuan;N 05 16;E 115 14;5.26666666667;115.233333333
lahaddatu;N 05 01;E 118 21;5.01666666667;118.35
lankawi;N 06 26;E 099 46;6.43333333333;99.7666666667
lumutmalaysia;N 04 15;E 100 40;4.25;100.666666667
malakka;N 02 14;E 102 08;2.23333333333;102.133333333
manjung;N 04 09;E 100 38;4.15;100.633333333
miri;N 04 26;E 113 60;4.43333333333;114.0
pasirgudang;N 01 27;E 103 54;1.45;103.9
penang;N 05 24;E 100 22;5.4;100.366666667
portdickson;N 02 32;E 101 47;2.53333333333;101.783333333
portklang;N 02 59;E 101 20;2.98333333333;101.333333333
tanjungberhala;N 04 15;E 103 28;4.25;103.466666667
tanjungpelepas;N 01 22;E 103 33;1.36666666667;103.55
tawau;N 04 15;E 117 53;4.25;117.883333333
male;N 04 11;E 073 30;4.18333333333;73.5
cirkewwa;N 35 59;E 014 20;35.9833333333;14.3333333333
marsaxlokk;N 35 49;E 014 32;35.8166666667;14.5333333333
mgarr;N 36 02;E 014 18;36.0333333333;14.3
valletta;N 35 54;E 014 31;35.9;14.5166666667
nouakchott%20;N 17 59;W 016 02;17.9833333333;-16.0333333333
portlouis;S 20 09;E 057 30;-20.15;57.5
acapulco;N 16 51;W 099 54;16.85;-99.9
altamira;N 22 29;W 097 53;22.4833333333;-97.8833333333
campeche;N 19 50;W 090 34;19.8333333333;-90.5666666667
cayoarcas;N 18 50;W 091 44;18.8333333333;-91.7333333333
ciudaddelcarmen;N 18 39;W 091 51;18.65;-91.85
coatzacoalcos;N 18 08;W 094 24;18.1333333333;-94.4
cozumel%20;N 20 30;W 086 58;20.5;-86.9666666667
ensenada;N 31 51;W 116 38;31.85;-116.633333333
guaymas;N 27 55;W 110 53;27.9166666667;-110.883333333
lapaz;N 24 09;W 110 20;24.15;-110.333333333
lazarocardenas;N 17 57;W 102 10;17.95;-102.166666667
manzanillo;N 19 04;W 104 18;19.0666666667;-104.3
morroredondo;N 28 03;W 115 11;28.05;-115.183333333
pichilingue;N 24 16;W 110 20;24.2666666667;-110.333333333
progreso;N 21 19;W 089 40;21.3166666667;-89.6666666667
salinacruz;N 16 10;W 095 12;16.1666666667;-95.2
santarosalia;N 27 20;W 112 16;27.3333333333;-112.266666667
tampico;N 22 14;W 097 52;22.2333333333;-97.8666666667
topolobampo;N 25 36;W 109 03;25.6;-109.05
tuxpan;N 20 59;W 097 22;20.9833333333;-97.3666666667
veracruz;N 19 12;W 096 08;19.2;-96.1333333333
montecarlo;N 43 44;E 007 25;43.7333333333;7.41666666667
agadir;N 30 25;W 009 38;30.4166666667;-9.63333333333
casablanca;N 33 36;W 007 36;33.6;-7.6
eljadida;N 33 15;W 008 30;33.25;-8.5
jorflasfar;N 33 08;W 008 38;33.1333333333;-8.63333333333
laayoune;N 27 06;W 013 26;27.1;-13.4333333333
mohammedia;N 33 43;W 007 24;33.7166666667;-7.4
tanger;N 35 47;W 005 48;35.7833333333;-5.8
tangermed;N 35 54;W 005 30;35.9;-5.5
beira;S 19 49;E 034 50;-19.8166666667;34.8333333333
maputo;S 25 58;E 032 32;-25.9666666667;32.5333333333
nacala;S 14 33;E 040 40;-14.55;40.6666666667
LUEDERITZ;S 26 37;E 015 08;-26.6166666667;15.1333333333
walvisbay;S 22 58;E 014 29;-22.9666666667;14.4833333333
AMSTERDAM;N 52 25;E 004 50;52.4166666667;4.83333333333
arnheim;N 51 58;E 005 55;51.9666666667;5.91666666667
breskens;N 51 24;E 003 34;51.4;3.56666666667
cuijk;N 51 45;E 005 51;51.75;5.85
delfzijl;N 53 20;E 006 57;53.3333333333;6.95
denhelder;N 52 57;E 004 47;52.95;4.78333333333
denoever;N 52 56;E 005 02;52.9333333333;5.03333333333
dordrecht;N 51 47;E 004 40;51.7833333333;4.66666666667
EEMSHAVEN;N 53 27;E 006 50;53.45;6.83333333333
enkhuizen;N 52 42;E 005 17;52.7;5.28333333333
foxhol;N 53 10;E 006 43;53.1666666667;6.71666666667
geertruidenberg;N 51 42;E 004 51;51.7;4.85
giessendam;N 51 49;E 004 52;51.8166666667;4.86666666667
gorinchem;N 51 50;E 004 58;51.8333333333;4.96666666667
haarlem;N 52 23;E 004 39;52.3833333333;4.65
HANSWEERT;N 51 27;E 004 01;51.45;4.01666666667
HARLINGEN;N 53 11;E 005 25;53.1833333333;5.41666666667
heijen;N 51 41;E 005 58;51.6833333333;5.96666666667
hengelo;N 52 15;E 006 47;52.25;6.78333333333
IJMUIDEN;N 52 28;E 004 37;52.4666666667;4.61666666667
kornwerderzand;N 53 04;E 005 20;53.0666666667;5.33333333333
lauwersoog;N 53 24;E 006 12;53.4;6.2
lelystad;N 52 32;E 005 26;52.5333333333;5.43333333333
maashees;N 51 34;E 006 02;51.5666666667;6.03333333333
marken;N 52 27;E 005 06;52.45;5.1
moerdijk;N 51 41;E 004 35;51.6833333333;4.58333333333
monnickendam;N 52 28;E 005 03;52.4666666667;5.05
muiden;N 52 20;E 005 04;52.3333333333;5.06666666667
nieuwegein;N 52 01;E 005 07;52.0166666667;5.11666666667
nijmegen;N 51 51;E 005 50;51.85;5.83333333333
oostmahorn;N 53 23;E 006 10;53.3833333333;6.16666666667
oudeschild;N 53 03;E 004 51;53.05;4.85
rotterdam;N 51 53;E 004 23;51.8833333333;4.38333333333
schiermonnikoog;N 53 28;E 006 12;53.4666666667;6.2
sliedrecht;N 51 49;E 004 46;51.8166666667;4.76666666667
stavoren;N 52 53;E 005 22;52.8833333333;5.36666666667
stellendam;N 51 49;E 004 02;51.8166666667;4.03333333333
TERNEUZEN;N 51 18;E 003 48;51.3;3.8
terschellingwest;N 53 22;E 005 13;53.3666666667;5.21666666667
tolkamer;N 51 51;E 006 06;51.85;6.1
tuindorp;N 51 51;E 006 05;51.85;6.08333333333
urk;N 52 40;E 005 36;52.6666666667;5.6
utrecht;N 52 05;E 005 05;52.0833333333;5.08333333333
VLISSINGEN;N 51 27;E 003 39;51.45;3.65
volendam;N 52 29;E 005 04;52.4833333333;5.06666666667
wanssum;N 51 32;E 006 05;51.5333333333;6.08333333333
wemeldinge;N 51 31;E 004 00;51.5166666667;4.0
werkendam;N 51 49;E 004 53;51.8166666667;4.88333333333
zwijndrecht;N 51 49;E 004 38;51.8166666667;4.63333333333
bullenbay;N 12 11;W 069 01;12.1833333333;-69.0166666667
curacao;N 12 06;W 068 54;12.1;-68.9
goto;N 12 13;W 068 23;12.2166666667;-68.3833333333
sintmaarten;N 18 02;W 063 06;18.0333333333;-63.1
willemstad;N 12 07;W 068 56;12.1166666667;-68.9333333333
auckland;S 36 50;E 174 46;-36.8333333333;174.766666667
lyttelton%20;S 43 36;E 172 43;-43.6;172.716666667
napier;S 39 28;E 176 55;-39.4666666667;176.916666667
newplymouth;S 39 03;E 174 02;-39.05;174.033333333
portchalmers;S 45 49;E 170 38;-45.8166666667;170.633333333
portnelson;S 41 16;E 173 16;-41.2666666667;173.266666667
tauranga;S 37 39;E 176 10;-37.65;176.166666667
timaru;S 44 23;E 171 16;-44.3833333333;171.266666667
wellington;S 41 17;E 174 47;-41.2833333333;174.783333333
bonny;N 04 25;E 007 09;4.41666666667;7.15
calabar;N 05 01;E 008 19;5.01666666667;8.31666666667
lagos;N 06 27;E 003 21;6.45;3.35
onne;N 04 41;E 007 10;4.68333333333;7.16666666667
portharcourt;N 04 47;E 006 60;4.78333333333;7.0
tincanlagos;N 06 26;E 003 21;6.43333333333;3.35
warri;N 05 31;E 005 44;5.51666666667;5.73333333333
aaheim;N 62 03;E 005 31;62.05;5.51666666667
aalesund;N 62 28;E 006 08;62.4666666667;6.13333333333
andenes;N 69 20;E 016 08;69.3333333333;16.1333333333
ardalstangen;N 61 14;E 007 42;61.2333333333;7.7
arsvagen;N 59 10;E 005 27;59.1666666667;5.45
askoy;N 60 24;E 005 13;60.4;5.21666666667
bergen;N 60 23;E 005 14;60.3833333333;5.23333333333
berlevaag;N 70 52;E 029 06;70.8666666667;29.1
bodoe;N 67 17;E 014 23;67.2833333333;14.3833333333
borgundvag;N 62 09;E 005 18;62.15;5.3
brevik;N 59 04;E 009 42;59.0666666667;9.7
egersund;N 58 27;E 005 60;58.45;6.0
fedje;N 60 47;E 004 43;60.7833333333;4.71666666667
floro;N 61 36;E 005 02;61.6;5.03333333333
halden;N 59 07;E 011 24;59.1166666667;11.4
hammerfall;N 67 24;E 015 32;67.4;15.5333333333
hammerfest;N 70 39;E 023 39;70.65;23.65
hanoytangen;N 60 26;E 005 06;60.4333333333;5.1
haugesund;N 59 24;E 005 16;59.4;5.26666666667
holmestrand;N 59 29;E 010 19;59.4833333333;10.3166666667
hommelvik;N 63 25;E 010 47;63.4166666667;10.7833333333
horten;N 59 25;E 010 29;59.4166666667;10.4833333333
hovland;N 58 27;E 005 59;58.45;5.98333333333
hoyanger;N 61 13;E 006 04;61.2166666667;6.06666666667
husoy;N 59 20;E 005 18;59.3333333333;5.3
karsto;N 59 16;E 005 30;59.2666666667;5.5
kaupanger;N 61 11;E 007 15;61.1833333333;7.25
kirkenes;N 69 43;E 030 03;69.7166666667;30.05
kopervik;N 59 17;E 005 18;59.2833333333;5.3
kragero;N 58 52;E 009 25;58.8666666667;9.41666666667
kristiansand;N 58 06;E 007 59;58.1;7.98333333333
kristiansund;N 63 07;E 007 45;63.1166666667;7.75
larvik;N 59 03;E 010 02;59.05;10.0333333333
moirana;N 66 19;E 014 07;66.3166666667;14.1166666667
mongstad;N 60 48;E 005 02;60.8;5.03333333333
mosjoen;N 65 51;E 013 11;65.85;13.1833333333
Moss;N 59 26;E 010 40;59.4333333333;10.6666666667
narvik;N 68 25;E 017 24;68.4166666667;17.4
oslo;N 59 53;E 010 45;59.8833333333;10.75
porsgrunn;N 59 07;E 009 38;59.1166666667;9.63333333333
rafnes;N 59 06;E 009 35;59.1;9.58333333333
roervik;N 64 52;E 011 15;64.8666666667;11.25
sandefjord;N 59 07;E 010 14;59.1166666667;10.2333333333
sandnes;N 58 52;E 005 45;58.8666666667;5.75
sandnessjoen;N 66 01;E 012 38;66.0166666667;12.6333333333
sarpsborg;N 59 16;E 011 04;59.2666666667;11.0666666667
skien;N 59 07;E 009 34;59.1166666667;9.56666666667
slagen;N 59 19;E 010 31;59.3166666667;10.5166666667
slovag;N 60 51;E 005 04;60.85;5.06666666667
stavanger;N 58 60;E 005 41;59.0;5.68333333333
stavern;N 58 60;E 010 03;59.0;10.05
straumen;N 67 21;E 015 35;67.35;15.5833333333
sture;N 60 37;E 004 52;60.6166666667;4.86666666667
tananger;N 58 55;E 005 35;58.9166666667;5.58333333333
tofte;N 59 33;E 010 34;59.55;10.5666666667
tonsberg;N 59 16;E 010 24;59.2666666667;10.4
torangsvag;N 60 07;E 005 10;60.1166666667;5.16666666667
tromso;N 69 39;E 018 58;69.65;18.9666666667
tromsobreivika;N 69 41;E 018 59;69.6833333333;18.9833333333
trondheim;N 63 26;E 010 23;63.4333333333;10.3833333333
vindenes;N 60 25;E 005 00;60.4166666667;5.0
vormedal;N 59 21;E 005 19;59.35;5.31666666667
minaalfahal;N 23 39;E 058 31;23.65;58.5166666667
muscat;N 23 38;E 058 34;23.6333333333;58.5666666667
salalah;N 16 57;E 054 01;16.95;54.0166666667
sohar;N 24 30;E 056 38;24.5;56.6333333333
gadanibeach;N 25 02;E 066 42;25.0333333333;66.7
karachi;N 24 50;E 066 59;24.8333333333;66.9833333333
qasim;N 24 47;E 067 20;24.7833333333;67.3333333333
bahialasminas;N 09 23;W 079 49;9.38333333333;-79.8166666667
panamaport;N 08 59;W 079 35;8.98333333333;-79.5833333333
colon;N 09 21;W 079 55;9.35;-79.9166666667
manzanillopanama;N 09 22;W 079 53;9.36666666667;-79.8833333333
portmoresby;S 09 27;E 147 07;-9.45;147.116666667
callao;S 12 03;W 077 09;-12.05;-77.15
ilo;S 17 39;W 071 21;-17.65;-71.35
lapampilla;S 11 57;W 077 08;-11.95;-77.1333333333
matarani;S 16 60;W 072 06;-17.0;-72.1
bataan;N 14 29;E 120 37;14.4833333333;120.616666667
calaca;N 13 55;E 120 49;13.9166666667;120.816666667
cebu;N 10 18;E 123 55;10.3;123.916666667
davao;N 07 12;E 125 41;7.2;125.683333333
hanjinsubic;N 14 49;E 120 13;14.8166666667;120.216666667
keppelsubic;N 14 53;E 120 13;14.8833333333;120.216666667
limayterminals;N 14 31;E 120 37;14.5166666667;120.616666667
manila;N 14 36;E 120 58;14.6;120.966666667
subicbay;N 14 49;E 120 17;14.8166666667;120.283333333
darlowo;N 54 26;E 016 23;54.4333333333;16.3833333333
GDANSK;N 54 23;E 018 42;54.3833333333;18.7
GDYNIA;N 54 32;E 018 32;54.5333333333;18.5333333333
hel;N 54 36;E 018 48;54.6;18.8
police;N 53 34;E 014 35;53.5666666667;14.5833333333
swinoujscie;N 53 54;E 014 16;53.9;14.2666666667
SZCZECIN;N 53 26;E 014 35;53.4333333333;14.5833333333
wladyslawowo;N 54 48;E 018 25;54.8;18.4166666667
aveiro;N 40 39;W 008 42;40.65;-8.7
cascais;N 38 42;W 009 25;38.7;-9.41666666667
faro;N 37 00;W 007 55;37.0;-7.91666666667
figueiradafoz%20;N 40 09;W 008 51;40.15;-8.85
funchal;N 32 39;W 016 55;32.65;-16.9166666667
horta;N 38 32;W 028 37;38.5333333333;-28.6166666667
lagosportu;N 37 06;W 008 40;37.1;-8.66666666667
leixoes;N 41 11;W 008 42;41.1833333333;-8.7
LISSABON;N 38 43;W 009 08;38.7166666667;-9.13333333333
pontadelgada;N 37 44;W 025 40;37.7333333333;-25.6666666667
portimao;N 37 07;W 008 32;37.1166666667;-8.53333333333
sao%20roque%20do%20pico;N 38 32;W 028 19;38.5333333333;-28.3166666667
SETUBAL;N 38 29;W 008 51;38.4833333333;-8.85
sines;N 37 56;W 008 51;37.9333333333;-8.85
Viladaslajes;N 39 23;W 031 10;39.3833333333;-31.1666666667
guayanilla;N 17 59;W 066 46;17.9833333333;-66.7666666667
sanjuanpr;N 18 27;W 066 06;18.45;-66.1
alshaheen;N 26 34;E 051 59;26.5666666667;51.9833333333
doha;N 25 18;E 051 33;25.3;51.55
raslaffan;N 25 55;E 051 36;25.9166666667;51.6
ummsaid;N 24 56;E 051 35;24.9333333333;51.5833333333
leportreunion;S 20 56;E 055 18;-20.9333333333;55.3
portreunioneast;S 20 56;E 055 19;-20.9333333333;55.3166666667
capumidia;N 44 20;E 028 40;44.3333333333;28.6666666667
constanta;N 44 09;E 028 40;44.15;28.6666666667
mangalia;N 43 48;E 028 34;43.8;28.5666666667
tulcea;N 45 11;E 028 48;45.1833333333;28.8
azov;N 47 07;E 039 24;47.1166666667;39.4
baltiysk;N 54 38;E 019 56;54.6333333333;19.9333333333
jeisk;N 46 44;E 038 16;46.7333333333;38.2666666667
kaliningrad;N 54 38;E 020 17;54.6333333333;20.2833333333
kavkaz;N 45 20;E 036 40;45.3333333333;36.6666666667
kronshtadt;N 59 60;E 029 45;60.0;29.75
lomonosov;N 59 55;E 029 46;59.9166666667;29.7666666667
murmansk;N 68 59;E 033 04;68.9833333333;33.0666666667
nakhodka%20;N 42 48;E 132 53;42.8;132.883333333
novorossiysk;N 44 43;E 037 49;44.7166666667;37.8166666667
primorsk;N 60 20;E 028 43;60.3333333333;28.7166666667
rostov;N 47 12;E 039 40;47.2;39.6666666667
shakhtersk;N 49 10;E 142 03;49.1666666667;142.05
slavyanka;N 42 52;E 131 24;42.8666666667;131.4
sovetskaya%20gavan;N 48 59;E 140 17;48.9833333333;140.283333333
STPETERSBURG;N 59 55;E 030 17;59.9166666667;30.2833333333
taganrog;N 47 12;E 038 57;47.2;38.95
taman;N 45 07;E 036 40;45.1166666667;36.6666666667
temryuk;N 45 20;E 037 22;45.3333333333;37.3666666667
tuapse;N 44 05;E 039 04;44.0833333333;39.0666666667
ustluga;N 59 41;E 028 22;59.6833333333;28.3666666667
vanino;N 49 06;E 140 19;49.1;140.316666667
vladivostok;N 43 06;E 131 54;43.1;131.9
vostochny;N 42 44;E 133 03;42.7333333333;133.05
vrangel;N 42 43;E 133 04;42.7166666667;133.066666667
vysotsk;N 60 37;E 028 34;60.6166666667;28.5666666667
basseterre;N 17 17;W 062 43;17.2833333333;-62.7166666667
charlestown;N 17 07;W 062 38;17.1166666667;-62.6333333333
christopheharbourmarina;N 17 15;W 062 39;17.25;-62.65
castries;N 14 01;W 060 60;14.0166666667;-61.0
aljubail;N 27 02;E 049 40;27.0333333333;49.6666666667
dammam;N 26 30;E 050 12;26.5;50.2
jeddah;N 21 29;E 039 09;21.4833333333;39.15
kingabdullahport;N 22 31;E 039 06;22.5166666667;39.1
qadimah;N 22 20;E 039 06;22.3333333333;39.1
rabigh;N 22 44;E 039 00;22.7333333333;39.0
yanbu;N 23 60;E 038 10;24.0;38.1666666667
Dakar;N 14 41;W 017 26;14.6833333333;-17.4333333333
victoria;S 04 38;E 055 28;-4.63333333333;55.4666666667
freetown;N 08 29;W 013 13;8.48333333333;-13.2166666667
loyang;N 01 23;E 103 58;1.38333333333;103.966666667
sembawang;N 01 28;E 103 50;1.46666666667;103.833333333
singapore;N 01 15;E 103 44;1.25;103.733333333
bratislava;N 48 08;E 017 08;48.1333333333;17.1333333333
berbera;N 10 26;E 044 60;10.4333333333;45.0
mogadishu;N 02 02;E 045 21;2.03333333333;45.35
saylac;N 11 21;E 043 29;11.35;43.4833333333
capetown;S 33 55;E 018 26;-33.9166666667;18.4333333333
DURBAN;S 29 53;E 031 02;-29.8833333333;31.0333333333
eastlondon;S 33 02;E 027 54;-33.0333333333;27.9
houtbay;S 34 03;E 018 21;-34.05;18.35
mosselbay;S 34 11;E 022 09;-34.1833333333;22.15
ngqura;S 33 48;E 025 41;-33.8;25.6833333333
PORTELIZABETH;S 33 58;E 025 38;-33.9666666667;25.6333333333
portnolloth;S 29 16;E 016 52;-29.2666666667;16.8666666667
richardsbay;S 28 49;E 032 04;-28.8166666667;32.0666666667
sainthelenabay;S 32 45;E 018 01;-32.75;18.0166666667
saldanha;S 33 01;E 017 59;-33.0166666667;17.9833333333
anjeong;N 34 57;E 128 26;34.95;128.433333333
busan;N 35 06;E 129 04;35.1;129.066666667
busan%20new%20port;N 35 04;E 128 48;35.0666666667;128.8
daesanseosan;N 37 01;E 126 23;37.0166666667;126.383333333
dangjin;N 37 00;E 126 39;37.0;126.65
gohyeon;N 34 54;E 128 37;34.9;128.616666667
gunsan;N 35 59;E 126 38;35.9833333333;126.633333333
gwangyang;N 34 56;E 127 41;34.9333333333;127.683333333
incheon;N 37 26;E 126 39;37.4333333333;126.65
mokpo;N 34 47;E 126 24;34.7833333333;126.4
okpo;N 34 53;E 128 42;34.8833333333;128.7
Pohang;N 36 02;E 129 24;36.0333333333;129.4
pyeongtaek;N 36 57;E 126 50;36.95;126.833333333
taean;N 36 55;E 126 14;36.9166666667;126.233333333
ulsan;N 35 28;E 129 24;35.4666666667;129.4
yeongheung;N 37 14;E 126 27;37.2333333333;126.45
Yeosu;N 34 48;E 127 42;34.8;127.7
alcanar;N 40 34;E 000 33;40.5666666667;0.55
ALGECIRAS;N 36 08;W 005 26;36.1333333333;-5.43333333333
alicante;N 38 20;W 000 30;38.3333333333;-0.5
arrecife;N 28 58;W 013 32;28.9666666667;-13.5333333333
aviles;N 43 35;W 005 55;43.5833333333;-5.91666666667
barcelona;N 41 20;E 002 09;41.3333333333;2.15
bilbao;N 43 19;W 003 01;43.3166666667;-3.01666666667
blanes;N 41 40;E 002 48;41.6666666667;2.8
cadiz;N 36 31;W 006 16;36.5166666667;-6.26666666667
campamento;N 36 10;W 005 22;36.1666666667;-5.36666666667
cangasdemorrazo;N 42 16;W 008 44;42.2666666667;-8.73333333333
caraminal;N 42 36;W 008 56;42.6;-8.93333333333
carboneras;N 36 58;W 001 54;36.9666666667;-1.9
cartagenaspain;N 37 35;W 000 58;37.5833333333;-0.966666666667
CARTEYAGUADARRANQUE;N 36 10;W 005 24;36.1666666667;-5.4
castellon;N 39 58;E 000 01;39.9666666667;0.0166666666667
CEUTA;N 35 54;W 005 19;35.9;-5.31666666667
denia;N 38 51;E 000 07;38.85;0.116666666667
elferrol;N 43 29;W 008 13;43.4833333333;-8.21666666667
gandia;N 38 60;W 000 09;39.0;-0.15
gijon;N 43 34;W 005 42;43.5666666667;-5.7
huelva;N 37 12;W 006 56;37.2;-6.93333333333
ibiza;N 38 55;E 001 27;38.9166666667;1.45
lacoruna;N 43 22;W 008 24;43.3666666667;-8.4
lasavina;N 38 44;E 001 25;38.7333333333;1.41666666667
laspalmas;N 28 08;W 015 25;28.1333333333;-15.4166666667
loscristianos;N 28 03;W 016 43;28.05;-16.7166666667
malaga;N 36 42;W 004 25;36.7;-4.41666666667
motril;N 36 43;W 003 31;36.7166666667;-3.51666666667
palma;N 39 33;E 002 38;39.55;2.63333333333
portandraitx;N 39 33;E 002 23;39.55;2.38333333333
puertodelrosario;N 28 30;W 013 51;28.5;-13.85
puertomarin;N 42 24;W 008 42;42.4;-8.7
puertoportal;N 39 32;E 002 34;39.5333333333;2.56666666667
ribeira;N 42 34;W 008 59;42.5666666667;-8.98333333333
sagunto;N 39 39;W 000 13;39.65;-0.216666666667
sansebastiangomera;N 28 05;W 017 07;28.0833333333;-17.1166666667
santacruzdetenerife;N 28 28;W 016 14;28.4666666667;-16.2333333333
santaeulaliadelrio;N 38 59;E 001 32;38.9833333333;1.53333333333
SANTANDER;N 43 26;W 003 49;43.4333333333;-3.81666666667
santantoni;N 38 59;E 001 18;38.9833333333;1.3
sanxenxo;N 42 24;W 008 48;42.4;-8.8
sevilla;N 37 21;W 005 60;37.35;-6.0
tarifa;N 36 01;W 005 36;36.0166666667;-5.6
tarragona;N 41 06;E 001 13;41.1;1.21666666667
torrevieja;N 37 58;W 000 41;37.9666666667;-0.683333333333
valencia;N 39 26;W 000 19;39.4333333333;-0.316666666667
vigo;N 42 15;W 008 42;42.25;-8.7
vilanova;N 41 13;E 001 44;41.2166666667;1.73333333333
colombo;N 06 57;E 079 51;6.95;79.85
galle;N 06 02;E 080 14;6.03333333333;80.2333333333
portsudan;N 19 36;E 037 14;19.6;37.2333333333
ahus;N 55 56;E 014 19;55.9333333333;14.3166666667
angelholm;N 56 16;E 012 50;56.2666666667;12.8333333333
brofjorden;N 58 21;E 011 25;58.35;11.4166666667
falkenberg;N 56 54;E 012 29;56.9;12.4833333333
faeroesund;N 57 52;E 019 03;57.8666666667;19.05
fotoe;N 57 40;E 011 40;57.6666666667;11.6666666667
frederikstad;N 59 12;E 010 56;59.2;10.9333333333
gaevle;N 60 41;E 017 14;60.6833333333;17.2333333333
glommen;N 56 56;E 012 21;56.9333333333;12.35
GOTHENBURG;N 57 42;E 011 54;57.7;11.9
grums;N 59 20;E 013 07;59.3333333333;13.1166666667
hallstavik;N 60 04;E 018 35;60.0666666667;18.5833333333
halmstad;N 56 40;E 012 51;56.6666666667;12.85
haernoesand;N 62 38;E 017 56;62.6333333333;17.9333333333
helsingborg;N 56 02;E 012 42;56.0333333333;12.7
hoenoe;N 57 41;E 011 39;57.6833333333;11.65
hudiksvall;N 61 43;E 017 07;61.7166666667;17.1166666667
husumsweden;N 63 19;E 019 10;63.3166666667;19.1666666667
iggesund;N 61 37;E 017 08;61.6166666667;17.1333333333
kalmar;N 56 40;E 016 22;56.6666666667;16.3666666667
kapellskar;N 59 43;E 019 04;59.7166666667;19.0666666667
kappelshamn;N 56 09;E 014 51;56.15;14.85
karlsborg;N 65 50;E 023 12;65.8333333333;23.2
karlshamn;N 56 09;E 014 51;56.15;14.85
karlskrona;N 56 10;E 015 36;56.1666666667;15.6
karlstad;N 59 21;E 013 29;59.35;13.4833333333
kristinehamn;N 59 19;E 014 05;59.3166666667;14.0833333333
kubikenborg;N 62 22;E 017 22;62.3666666667;17.3666666667
kungshamn;N 58 21;E 011 14;58.35;11.2333333333
landskrona;N 55 52;E 012 50;55.8666666667;12.8333333333
lidkoping;N 58 31;E 013 10;58.5166666667;13.1666666667
lulea;N 65 34;E 022 12;65.5666666667;22.2
lysekil;N 58 16;E 011 27;58.2666666667;11.45
MALMO;N 55 37;E 012 59;55.6166666667;12.9833333333
mariestad;N 58 43;E 013 49;58.7166666667;13.8166666667
marstrand;N 57 53;E 011 35;57.8833333333;11.5833333333
norrkoping;N 58 37;E 016 13;58.6166666667;16.2166666667
norrsundet;N 60 56;E 017 09;60.9333333333;17.15
nygard;N 57 03;E 012 16;57.05;12.2666666667
nynashamn;N 58 54;E 017 57;58.9;17.95
oeckero;N 57 42;E 011 40;57.7;11.6666666667
oernskoeldsvik;N 63 16;E 018 45;63.2666666667;18.75
oskarshamn;N 57 16;E 016 28;57.2666666667;16.4666666667
oestrand;N 62 29;E 017 20;62.4833333333;17.3333333333
oxelosund;N 58 40;E 017 07;58.6666666667;17.1166666667
pitea;N 65 15;E 021 31;65.25;21.5166666667
raa;N 55 60;E 012 45;56.0;12.75
roeroe;N 57 46;E 011 37;57.7666666667;11.6166666667
simrishamn;N 55 33;E 014 21;55.55;14.35
skelleftehamn;N 64 40;E 021 15;64.6666666667;21.25
skillinge;N 55 28;E 014 17;55.4666666667;14.2833333333
skutskaer;N 60 39;E 017 24;60.65;17.4
slitegotland;N 57 43;E 018 48;57.7166666667;18.8
soderhamn;N 61 18;E 017 07;61.3;17.1166666667
sodramonsteras;N 57 06;E 016 33;57.1;16.55
soedertaelje;N 59 11;E 017 39;59.1833333333;17.65
soelvesborg;N 56 02;E 014 35;56.0333333333;14.5833333333
soraker;N 62 30;E 017 30;62.5;17.5
stenungsund;N 58 05;E 011 49;58.0833333333;11.8166666667
stockholm;N 59 19;E 018 04;59.3166666667;18.0666666667
stockvik;N 62 20;E 017 22;62.3333333333;17.3666666667
stromstad;N 58 56;E 011 10;58.9333333333;11.1666666667
sundsvall;N 62 24;E 017 21;62.4;17.35
TRELLEBORG;N 55 22;E 013 09;55.3666666667;13.15
tunadal;N 62 27;E 017 23;62.45;17.3833333333
uddevalla;N 58 20;E 011 53;58.3333333333;11.8833333333
umea;N 63 45;E 020 19;63.75;20.3166666667
vallvik;N 61 12;E 017 09;61.2;17.15
vanersborg;N 58 23;E 012 19;58.3833333333;12.3166666667
varberg;N 57 07;E 012 15;57.1166666667;12.25
vasteras;N 59 36;E 016 34;59.6;16.5666666667
vaestervik;N 57 45;E 016 40;57.75;16.6666666667
videbergshamn;N 57 15;E 012 07;57.25;12.1166666667
visby;N 57 38;E 018 17;57.6333333333;18.2833333333
vrango;N 57 34;E 011 47;57.5666666667;11.7833333333
wallhamn;N 58 00;E 011 42;58.0;11.7
ystad;N 55 25;E 013 49;55.4166666667;13.8166666667
basel;N 47 34;E 007 38;47.5666666667;7.63333333333
lattakia;N 35 32;E 035 46;35.5333333333;35.7666666667
tartus;N 34 54;E 035 52;34.9;35.8666666667
anping;N 22 59;E 120 10;22.9833333333;120.166666667
kaohsiung;N 22 34;E 120 18;22.5666666667;120.3
keelung;N 25 09;E 121 45;25.15;121.75
mailiao;N 23 47;E 120 12;23.7833333333;120.2
taichung;N 24 15;E 120 30;24.25;120.5
teipei;N 25 09;E 121 23;25.15;121.383333333
yungan;N 22 50;E 120 12;22.8333333333;120.2
daressalaam;S 06 50;E 039 18;-6.83333333333;39.3
mtwara;S 10 16;E 040 12;-10.2666666667;40.2
zanzibar;S 06 09;E 039 12;-6.15;39.2
bangkok;N 13 23;E 100 45;13.3833333333;100.75
kosichang;N 13 09;E 100 49;13.15;100.816666667
laemchabang%20;N 13 07;E 100 54;13.1166666667;100.9
maptaphut;N 12 39;E 101 09;12.65;101.15
phuket;N 07 57;E 098 24;7.95;98.4
rayong;N 12 39;E 101 18;12.65;101.3
sattahip;N 12 38;E 100 55;12.6333333333;100.916666667
songkhla;N 07 13;E 100 35;7.21666666667;100.583333333
lome;N 06 08;E 001 17;6.13333333333;1.28333333333
guayaguayare;N 10 08;W 061 00;10.1333333333;-61.0
La%20Brea;N 10 15;W 061 38;10.25;-61.6333333333
laretraite;N 10 41;W 061 38;10.6833333333;-61.6333333333
pointfortin;N 10 12;W 061 42;10.2;-61.7
pointlisas;N 10 24;W 061 29;10.4;-61.4833333333
portofspain;N 10 39;W 061 31;10.65;-61.5166666667
scarborough;N 11 11;W 060 44;11.1833333333;-60.7333333333
bizerte;N 37 15;E 009 52;37.25;9.86666666667
didonterm;N 33 50;E 011 56;33.8333333333;11.9333333333
gabes;N 33 55;E 010 06;33.9166666667;10.1
menzelbourguiba;N 37 09;E 009 49;37.15;9.81666666667
monastir;N 35 45;E 010 50;35.75;10.8333333333
sfax;N 34 43;E 010 46;34.7166666667;10.7666666667
sousse;N 35 49;E 010 39;35.8166666667;10.65
tunis;N 36 48;E 010 17;36.8;10.2833333333
zarzis;N 33 29;E 011 07;33.4833333333;11.1166666667
aliagat;N 38 49;E 026 57;38.8166666667;26.95
altinova;N 40 43;E 029 29;40.7166666667;29.4833333333
bandirma;N 40 22;E 027 56;40.3666666667;27.9333333333
bartin;N 41 41;E 032 14;41.6833333333;32.2333333333
canakkale;N 40 09;E 026 24;40.15;26.4
Ceyhan;N 36 52;E 035 56;36.8666666667;35.9333333333
dikili;N 39 04;E 026 53;39.0666666667;26.8833333333
doertyol;N 36 49;E 036 11;36.8166666667;36.1833333333
eregli;N 41 16;E 031 25;41.2666666667;31.4166666667
gebze;N 40 47;E 029 34;40.7833333333;29.5666666667
gemlik;N 40 25;E 029 06;40.4166666667;29.1
hopa;N 41 25;E 041 26;41.4166666667;41.4333333333
icdas;N 40 26;E 027 05;40.4333333333;27.0833333333
iskenderun;N 36 40;E 036 12;36.6666666667;36.2
ISTANBUL;N 40 56;E 028 58;40.9333333333;28.9666666667
izmir;N 38 27;E 027 08;38.45;27.1333333333
izmit;N 40 46;E 029 43;40.7666666667;29.7166666667
kyme;N 38 46;E 026 56;38.7666666667;26.9333333333
marmara%20ereglisi;N 40 59;E 027 57;40.9833333333;27.95
mersin;N 36 48;E 034 39;36.8;34.65
mudanya;N 40 22;E 028 54;40.3666666667;28.9
samsun;N 41 18;E 036 21;41.3;36.35
saraylar;N 40 39;E 027 40;40.65;27.6666666667
tekirdag;N 40 58;E 027 31;40.9666666667;27.5166666667
trabzon;N 41 00;E 039 44;41.0;39.7333333333
tuzla;N 40 51;E 029 15;40.85;29.25
zonguldak;N 41 27;E 031 47;41.45;31.7833333333
providenciales;N 21 44;W 072 16;21.7333333333;-72.2666666667
berdiansk;N 46 43;E 036 47;46.7166666667;36.7833333333
dneprobugskiy;N 46 46;E 031 56;46.7666666667;31.9333333333
illichevsk;N 46 20;E 030 39;46.3333333333;30.65
ismajil;N 45 19;E 028 51;45.3166666667;28.85
kerch;N 45 19;E 036 27;45.3166666667;36.45
kherson;N 46 36;E 032 34;46.6;32.5666666667
mariupol;N 47 03;E 037 30;47.05;37.5
mykolayiv;N 46 56;E 031 59;46.9333333333;31.9833333333
nikolayev;N 46 51;E 031 59;46.85;31.9833333333
ochakiv;N 46 37;E 031 34;46.6166666667;31.5666666667
odessa;N 46 30;E 030 45;46.5;30.75
sevastopol;N 44 36;E 033 31;44.6;33.5166666667
yuzhny;N 46 38;E 031 01;46.6333333333;31.0166666667
abu%20dhabi;N 24 27;E 054 24;24.45;54.4
ajman;N 25 25;E 055 28;25.4166666667;55.4666666667
alhamriyaport;N 25 28;E 055 30;25.4666666667;55.5
aljazirat;N 25 43;E 055 48;25.7166666667;55.8
arruways;N 24 09;E 052 43;24.15;52.7166666667
burjalarabmarina;N 25 09;E 055 11;25.15;55.1833333333
dasisland;N 25 08;E 052 54;25.1333333333;52.9
dubai;N 25 19;E 055 19;25.3166666667;55.3166666667
fujairah;N 25 11;E 056 22;25.1833333333;56.3666666667
jebelali;N 25 01;E 055 01;25.0166666667;55.0166666667
khalifa;N 24 47;E 054 41;24.7833333333;54.6833333333
khorfakkan;N 25 21;E 056 22;25.35;56.3666666667
minasaqr;N 25 59;E 056 03;25.9833333333;56.05
rakmaritimecity;N 25 57;E 056 03;25.95;56.05
rasalkhaimah;N 25 48;E 055 57;25.8;55.95
sharjah;N 25 28;E 055 30;25.4666666667;55.5
sirbaniyas;N 24 17;E 052 37;24.2833333333;52.6166666667
ABERDEEN;N 57 09;W 002 05;57.15;-2.08333333333
avonmouth;N 51 30;W 002 43;51.5;-2.71666666667
bangor;N 54 40;W 005 40;54.6666666667;-5.66666666667
barrowinfurness;N 54 06;W 003 13;54.1;-3.21666666667
barry;N 51 24;W 003 16;51.4;-3.26666666667
belfast;N 54 37;W 005 53;54.6166666667;-5.88333333333
berwickupontweed;N 55 46;W 002 01;55.7666666667;-2.01666666667
birkenhead;N 53 24;W 003 02;53.4;-3.03333333333
blyth;N 55 08;W 001 31;55.1333333333;-1.51666666667
bphambleterm;N 50 51;W 001 20;50.85;-1.33333333333
brightlingsea;N 51 48;E 001 01;51.8;1.01666666667
bristoluk;N 51 30;W 002 42;51.5;-2.7
brixham;N 50 24;W 003 31;50.4;-3.51666666667
bromborough;N 53 21;W 002 59;53.35;-2.98333333333
burntisland;N 56 03;W 003 14;56.05;-3.23333333333
cairnryan;N 54 58;W 005 01;54.9666666667;-5.01666666667
cardiff;N 51 28;W 003 10;51.4666666667;-3.16666666667
CHATHAM;N 51 24;E 000 32;51.4;0.533333333333
cliffe;N 51 28;E 000 27;51.4666666667;0.45
CORYTON;N 51 31;E 000 30;51.5166666667;0.5
cowes;N 50 45;W 001 17;50.75;-1.28333333333
dagenham;N 51 31;E 000 07;51.5166666667;0.116666666667
denton;N 50 47;E 000 03;50.7833333333;0.05
dover;N 51 07;E 001 20;51.1166666667;1.33333333333
dundee;N 56 28;W 002 57;56.4666666667;-2.95
eastham;N 53 19;W 002 57;53.3166666667;-2.95
edinburgh;N 55 59;W 003 11;55.9833333333;-3.18333333333
ellesmere;N 53 18;W 002 53;53.3;-2.88333333333
erith;N 51 29;E 000 11;51.4833333333;0.183333333333
fairlie;N 55 46;W 004 52;55.7666666667;-4.86666666667
falmouth;N 50 09;W 005 04;50.15;-5.06666666667
faslane;N 56 04;W 004 49;56.0666666667;-4.81666666667
fawley;N 50 50;W 001 20;50.8333333333;-1.33333333333
felixstowe;N 51 57;E 001 18;51.95;1.3
finnartoilterm;N 56 07;W 004 50;56.1166666667;-4.83333333333
flotta;N 58 50;W 003 08;58.8333333333;-3.13333333333
fraserburgh%20harbour;N 57 42;W 001 60;57.7;-2.0
garston;N 53 21;W 002 54;53.35;-2.9
GIBRALTAR;N 36 08;W 005 22;36.1333333333;-5.36666666667
glasgow;N 55 53;W 004 21;55.8833333333;-4.35
goole;N 53 42;W 000 53;53.7;-0.883333333333
grangemouth;N 56 02;W 003 43;56.0333333333;-3.71666666667
GRAVESEND;N 51 27;E 000 23;51.45;0.383333333333
greatyarmouth;N 52 35;E 001 45;52.5833333333;1.75
greenock;N 55 57;W 004 44;55.95;-4.73333333333
grimsby;N 53 34;W 000 04;53.5666666667;-0.0666666666667
gunness;N 53 36;W 000 43;53.6;-0.716666666667
hartlepool;N 54 42;W 001 12;54.7;-1.2
harwich;N 51 57;E 001 16;51.95;1.26666666667
heysham;N 54 02;W 002 55;54.0333333333;-2.91666666667
holyhead;N 53 20;W 004 37;53.3333333333;-4.61666666667
houndpoint;N 56 02;W 003 19;56.0333333333;-3.31666666667
hughtown;N 49 55;W 006 19;49.9166666667;-6.31666666667
humber;N 53 42;W 000 22;53.7;-0.366666666667
immingham;N 53 39;W 000 12;53.65;-0.2
ipswich;N 52 02;E 001 09;52.0333333333;1.15
Jerseyuk;N 49 11;W 002 07;49.1833333333;-2.11666666667
kingstonuponhull;N 53 44;W 000 17;53.7333333333;-0.283333333333
kirkwall;N 58 59;W 002 58;58.9833333333;-2.96666666667
larne;N 54 51;W 005 48;54.85;-5.8
leighton;N 53 44;W 000 51;53.7333333333;-0.85
lerwick;N 60 10;W 001 09;60.1666666667;-1.15
liverpool;N 53 26;W 003 00;53.4333333333;-3.0
LONDON;N 51 30;W 000 03;51.5;-0.05
londonderry;N 55 05;W 007 07;55.0833333333;-7.11666666667
lowestoft;N 52 28;E 001 44;52.4666666667;1.73333333333
lymington;N 50 45;W 001 32;50.75;-1.53333333333
milfordhaven;N 51 42;W 005 01;51.7;-5.01666666667
mistley;N 51 57;E 001 05;51.95;1.08333333333
mossbank;N 60 28;W 001 12;60.4666666667;-1.2
mostyn;N 53 19;W 003 16;53.3166666667;-3.26666666667
newportuk;N 51 33;W 002 59;51.55;-2.98333333333
NORTHFLEET;N 51 27;E 000 20;51.45;0.333333333333
oban;N 56 25;W 005 29;56.4166666667;-5.48333333333
penzance;N 50 07;W 005 32;50.1166666667;-5.53333333333
plymouth;N 50 23;W 004 09;50.3833333333;-4.15
poole;N 50 43;W 001 59;50.7166666667;-1.98333333333
portlanduk;N 50 34;W 002 26;50.5666666667;-2.43333333333
portsmouth;N 50 49;W 001 07;50.8166666667;-1.11666666667
porttalbot;N 51 35;W 003 48;51.5833333333;-3.8
PURFLEET;N 51 28;E 000 16;51.4666666667;0.266666666667
ramsgate;N 51 20;E 001 25;51.3333333333;1.41666666667
rosyth;N 56 01;W 003 27;56.0166666667;-3.45
runcorn;N 53 20;W 002 45;53.3333333333;-2.75
scapaflow;N 58 53;W 003 05;58.8833333333;-3.08333333333
scarboroughuk;N 54 17;W 000 23;54.2833333333;-0.383333333333
sharpness;N 51 43;W 002 29;51.7166666667;-2.48333333333
SHEERNESS;N 51 27;E 000 44;51.45;0.733333333333
shoreham;N 50 50;W 000 14;50.8333333333;-0.233333333333
southampton;N 50 54;W 001 25;50.9;-1.41666666667
southshields;N 54 60;W 001 26;55.0;-1.43333333333
southstifford;N 51 28;E 000 18;51.4666666667;0.3
stanlow;N 53 17;W 002 51;53.2833333333;-2.85
stpeterport;N 49 27;W 002 32;49.45;-2.53333333333
stromness;N 58 58;W 003 18;58.9666666667;-3.3
sullomvoe;N 60 27;W 001 17;60.45;-1.28333333333
sunderland;N 54 55;W 001 23;54.9166666667;-1.38333333333
swansea;N 51 37;W 003 55;51.6166666667;-3.91666666667
symbister;N 60 21;W 001 02;60.35;-1.03333333333
teesport;N 54 37;W 001 11;54.6166666667;-1.18333333333
THAMESPORT;N 51 26;E 000 41;51.4333333333;0.683333333333
TILBURY;N 51 28;E 000 22;51.4666666667;0.366666666667
tyne;N 54 59;W 001 32;54.9833333333;-1.53333333333
ulsta;N 60 30;W 001 09;60.5;-1.15
weymouth;N 50 36;W 002 27;50.6;-2.45
yarmouth;N 50 42;W 001 30;50.7;-1.5
albany;N 42 36;W 073 45;42.6;-73.75
alexandriala;N 31 20;W 092 29;31.3333333333;-92.4833333333
anacortes;N 48 30;W 122 37;48.5;-122.616666667
anchorage;N 61 14;W 149 54;61.2333333333;-149.9
annapolis;N 38 59;W 076 29;38.9833333333;-76.4833333333
astoria;N 46 12;W 123 49;46.2;-123.816666667
baltimore;N 39 13;W 076 33;39.2166666667;-76.55
batonrouge;N 30 26;W 091 11;30.4333333333;-91.1833333333
beaumont;N 30 04;W 094 04;30.0666666667;-94.0666666667
bellingham;N 48 44;W 122 30;48.7333333333;-122.5
bigbend;N 27 48;W 082 24;27.8;-82.4
boston;N 42 21;W 071 01;42.35;-71.0166666667
breakwater;N 38 47;W 075 07;38.7833333333;-75.1166666667
bremerton;N 47 33;W 122 39;47.55;-122.65
bridgeportct;N 41 10;W 073 10;41.1666666667;-73.1666666667
bristolus;N 41 40;W 071 17;41.6666666667;-71.2833333333
brownsville;N 26 00;W 097 18;26.0;-97.3
brunswick;N 31 06;W 081 27;31.1;-81.45
cairoilusa;N 37 01;W 089 10;37.0166666667;-89.1666666667
cameron;N 29 48;W 093 20;29.8;-93.3333333333
capegirardeau;N 37 17;W 089 30;37.2833333333;-89.5
channahonil;N 41 25;W 088 12;41.4166666667;-88.2
charleston;N 32 49;W 079 53;32.8166666667;-79.8833333333
charlestonoregon;N 43 21;W 124 19;43.35;-124.316666667
cheboygan;N 45 39;W 084 28;45.65;-84.4666666667
chicago;N 41 45;W 087 37;41.75;-87.6166666667
cincinnati;N 39 07;W 084 34;39.1166666667;-84.5666666667
clarksvilletn;N 36 31;W 087 22;36.5166666667;-87.3666666667
clatskanieor;N 46 11;W 123 11;46.1833333333;-123.183333333
cleveland;N 41 30;W 081 41;41.5;-81.6833333333
coeymans;N 42 29;W 073 47;42.4833333333;-73.7833333333
coosbay;N 43 23;W 124 12;43.3833333333;-124.2
corpuschristi;N 27 45;W 097 17;27.75;-97.2833333333
decatural;N 34 38;W 087 01;34.6333333333;-87.0166666667
detroit;N 42 13;W 083 03;42.2166666667;-83.05
duluth;N 46 44;W 092 06;46.7333333333;-92.1
dutchharbor;N 53 53;W 166 32;53.8833333333;-166.533333333
evansvillein;N 37 58;W 087 35;37.9666666667;-87.5833333333
everettwa;N 47 59;W 122 13;47.9833333333;-122.216666667
fallriverr;N 41 42;W 071 11;41.7;-71.1833333333
ferndale;N 48 51;W 122 44;48.85;-122.733333333
fortlauderdale;N 26 05;W 080 08;26.0833333333;-80.1333333333
freeport;N 28 56;W 095 20;28.9333333333;-95.3333333333
fridayharbour;N 48 32;W 123 00;48.5333333333;-123.0
galveston;N 29 19;W 094 48;29.3166666667;-94.8
gloucester;N 42 37;W 070 39;42.6166666667;-70.65
goldenmeadow;N 29 23;W 090 16;29.3833333333;-90.2666666667
greenville%20(mississippi,%20US);N 33 24;W 091 08;33.4;-91.1333333333
groton;N 41 21;W 072 05;41.35;-72.0833333333
gulfport;N 30 21;W 089 05;30.35;-89.0833333333
hilo;N 19 44;W 155 04;19.7333333333;-155.066666667
honolulu;N 21 19;W 157 54;21.3166666667;-157.9
houma;N 29 34;W 090 42;29.5666666667;-90.7
houston;N 29 38;W 095 04;29.6333333333;-95.0666666667
huntsvilleal;N 34 34;W 086 33;34.5666666667;-86.55
iberia;N 29 56;W 091 50;29.9333333333;-91.8333333333
intracoastalcity;N 29 47;W 092 09;29.7833333333;-92.15
jacksonville;N 30 24;W 081 28;30.4;-81.4666666667
jamestown;N 41 30;W 071 22;41.5;-71.3666666667
kahului;N 21 19;W 158 07;21.3166666667;-158.116666667
kalama;N 46 02;W 122 52;46.0333333333;-122.866666667
keywest;N 24 33;W 081 46;24.55;-81.7666666667
krotzsprings;N 30 32;W 091 44;30.5333333333;-91.7333333333
lakecharles;N 30 07;W 093 17;30.1166666667;-93.2833333333
larose;N 29 34;W 090 23;29.5666666667;-90.3833333333
lemont;N 41 40;W 088 01;41.6666666667;-88.0166666667
lewes;N 38 47;W 075 10;38.7833333333;-75.1666666667
little%20rock;N 34 45;W 092 15;34.75;-92.25
longview;N 46 07;W 122 58;46.1166666667;-122.966666667
losangeles;N 33 45;W 118 12;33.75;-118.2
louisville;N 38 15;W 085 46;38.25;-85.7666666667
manatee;N 27 38;W 082 34;27.6333333333;-82.5666666667
matagorda;N 28 39;W 096 03;28.65;-96.05
memphis;N 35 06;W 090 08;35.1;-90.1333333333
miami;N 25 46;W 080 12;25.7666666667;-80.2
milwaukee;N 43 01;W 087 54;43.0166666667;-87.9
usmob;N 30 38;W 088 01;30.6333333333;-88.0166666667
moreheadcity;N 34 43;W 076 42;34.7166666667;-76.7
morgancity;N 29 40;W 091 10;29.6666666667;-91.1666666667
nashvilletn;N 36 14;W 086 45;36.2333333333;-86.75
natchez;N 31 35;W 091 25;31.5833333333;-91.4166666667
newbedford;N 41 38;W 070 55;41.6333333333;-70.9166666667
newburgh;N 41 29;W 074 00;41.4833333333;-74.0
newhaven;N 41 17;W 072 54;41.2833333333;-72.9
newlondon;N 41 21;W 072 06;41.35;-72.1
neworleans;N 29 47;W 089 56;29.7833333333;-89.9333333333
newportbeach;N 33 36;W 117 54;33.6;-117.9
newportoregon;N 44 38;W 124 03;44.6333333333;-124.05
newportus;N 41 29;W 071 20;41.4833333333;-71.3333333333
newyork;N 40 40;W 074 05;40.6666666667;-74.0833333333
nikiski;N 60 42;W 151 21;60.7;-151.35
norfolk;N 36 54;W 076 13;36.9;-76.2166666667
oakland;N 37 48;W 122 17;37.8;-122.283333333
olympia;N 47 03;W 122 55;47.05;-122.916666667
orangetx;N 30 05;W 093 44;30.0833333333;-93.7333333333
paducah;N 37 05;W 088 35;37.0833333333;-88.5833333333
palmbeach;N 26 48;W 080 04;26.8;-80.0666666667
panamacity;N 30 09;W 085 42;30.15;-85.7
pascagoula;N 30 21;W 088 32;30.35;-88.5333333333
pearlharbour;N 21 21;W 157 58;21.35;-157.966666667
pensacola;N 30 22;W 087 09;30.3666666667;-87.15
philadelphia;N 39 48;W 075 19;39.8;-75.3166666667
pittsburgh;N 40 26;W 080 00;40.4333333333;-80.0
pointcomfort;N 28 39;W 096 34;28.65;-96.5666666667
portangeles;N 48 08;W 123 26;48.1333333333;-123.433333333
portarthur;N 29 51;W 093 55;29.85;-93.9166666667
portcanaveral;N 28 25;W 080 33;28.4166666667;-80.55
portfourchon;N 29 07;W 090 11;29.1166666667;-90.1833333333
hueneme;N 34 09;W 119 13;34.15;-119.216666667
porthuron;N 42 57;W 082 25;42.95;-82.4166666667
portisabel;N 26 04;W 097 12;26.0666666667;-97.2
portland;N 43 38;W 070 15;43.6333333333;-70.25
portlandoregon;N 45 35;W 122 42;45.5833333333;-122.7
portlavaca;N 28 37;W 096 37;28.6166666667;-96.6166666667
portnechestx;N 30 01;W 093 58;30.0166666667;-93.9666666667
portoconnor;N 28 24;W 096 29;28.4;-96.4833333333
portsmouthnh;N 43 06;W 070 46;43.1;-70.7666666667
providence;N 41 48;W 071 23;41.8;-71.3833333333
quincy;N 42 14;W 070 58;42.2333333333;-70.9666666667
redriverlanding;N 30 59;W 091 40;30.9833333333;-91.6666666667
roxanail;N 38 51;W 090 07;38.85;-90.1166666667
saintlouis;N 38 36;W 090 12;38.6;-90.2
sandiego;N 32 39;W 117 15;32.65;-117.25
sanfrancisco;N 37 48;W 122 24;37.8;-122.4
savannah;N 31 60;W 080 58;32.0;-80.9666666667
seattle;N 47 40;W 122 34;47.6666666667;-122.566666667
solomons;N 38 20;W 076 27;38.3333333333;-76.45
staugustine;N 29 54;W 081 18;29.9;-81.3
stockton;N 37 57;W 121 20;37.95;-121.333333333
st.%20petersburg%20(florida);N 27 46;W 082 38;27.7666666667;-82.6333333333
stthomas;N 18 20;W 064 56;18.3333333333;-64.9333333333
tacoma;N 47 16;W 122 24;47.2666666667;-122.4
tampa;N 27 56;W 082 26;27.9333333333;-82.4333333333
texascity;N 29 22;W 094 54;29.3666666667;-94.9
toledo;N 41 41;W 083 28;41.6833333333;-83.4666666667
valdez;N 61 06;W 146 24;61.1;-146.4
vancouverwa;N 45 39;W 122 41;45.65;-122.683333333
venicelouisiana;N 29 16;W 089 20;29.2666666667;-89.3333333333
vicksburg;N 32 19;W 090 55;32.3166666667;-90.9166666667
victoriatx;N 28 41;W 096 58;28.6833333333;-96.9666666667
westhaven;N 41 17;W 072 55;41.2833333333;-72.9166666667
wilmington;N 34 10;W 077 56;34.1666666667;-77.9333333333
yonkers;N 40 56;W 073 54;40.9333333333;-73.9
limetreebay;N 17 42;W 064 45;17.7;-64.75
montevideo;S 34 54;W 056 13;-34.9;-56.2166666667
altagracia;N 10 45;W 071 32;10.75;-71.5333333333
amuaybay;N 11 45;W 070 15;11.75;-70.25
cabimas;N 10 22;W 071 27;10.3666666667;-71.45
elpalito;N 10 29;W 068 07;10.4833333333;-68.1166666667
guiria;N 10 34;W 062 18;10.5666666667;-62.3
joseterminal;N 10 06;W 064 52;10.1;-64.8666666667
maracaibo;N 10 36;W 071 37;10.6;-71.6166666667
moron;N 10 30;W 068 09;10.5;-68.15
puertocabello;N 10 29;W 067 60;10.4833333333;-68.0
puertolacruz;N 10 14;W 064 39;10.2333333333;-64.65
puerto%20ordaz;N 08 20;W 062 45;8.33333333333;-62.75
puntacardon;N 11 37;W 070 14;11.6166666667;-70.2333333333
puntofijo;N 11 41;W 070 14;11.6833333333;-70.2333333333
danang;N 16 07;E 108 14;16.1166666667;108.233333333
haiphong;N 20 54;E 106 40;20.9;106.666666667
hochiminh;N 10 43;E 106 46;10.7166666667;106.766666667
phumy;N 10 35;E 107 01;10.5833333333;107.016666667
aden;N 12 49;E 044 56;12.8166666667;44.9333333333
hodeidah;N 14 50;E 042 56;14.8333333333;42.9333333333
